pidp,z,fixedEffect
68034134,.258248,-.035394988297806
68034180,-.2288065,.0012757420976588
68095380,.11766719,-.0140248875896728
68108934,.10394805,-.027670371173309
68156536,1.1114539,.0484504647002848
68184975,.64224893,.0820965575690451
68209459,1.5663686,.0441064658291857
68223735,-.81457365,-.0277294701090365
68245002,.40801468,.0190289315877549
68270675,-.83825862,-.0169287180539851
68338655,1.4550778,.0447424828540818
68364495,.76937842,.0722079721423845
68367416,-.27902675,-.0141120850785935
68367416,-.09072274,-.0141120850785935
68367903,.15632828,-.0809632022408479
68378119,.65720385,-.0407727174774235
68388295,.59308618,.0021212660777519
68401336,-.43757856,.0183276889859544
68408162,.51239884,-.0707577647854725
68415008,.055675916,-.012689222807038
68449006,.92166662,-.0017273806128611
68496568,.2216797,.0680993830890483
68523782,.27587453,.0035428089932468
68569175,.42762879,.0667125222937777
68632522,.15933484,.0949847888445033
68666604,-.26533592,.0719730859863241
68690899,.45619699,.0461886656358009
68714134,.45038128,.0574579812590822
68748172,-.56338573,-.0423548761882856
68836568,.46783945,.0857031354884103
68895579,.64815891,-.0108301188404595
68898410,-.24297704,-.0077932463524723
68928219,.97140461,.1036572183900383
68938534,1.6763039,.0273009906242514
68963579,.80929643,.0328105590136166
68979326,-.37483388,.036581341576538
68986168,.6443783,.0637466834776153
68999812,.28995493,-.0253325870847694
69030215,.32922485,-.0344135374817864
69040602,.13740937,.0485523997664771
69082575,1.3391137,.0317845945826358
69101619,.40815482,.0074741379495075
69122162,.44063362,-.1771701909319647
69143178,-.2700468,.0069461044193965
69156126,1.1356463,.0860172309716753
69220615,-.27378714,-.1136452672623724
69244522,1.4191526,.254120452501828
69244580,.32279795,.0112258582412592
69251322,.79515827,.0629789552640145
69258166,-.44823995,-.0211836692335326
69264942,-.51850212,-.0437054865882724
69264966,.15294278,-.0024239792152948
69275695,1.0888509,.0676093108168534
69292180,-.55275273,-.0696188794219665
69305764,1.2745539,.2632496358786127
69345059,1.0563425,.0533213365312659
69394035,-.68738216,-.0087137289359261
69394176,.12407081,-.0727834290822036
69407820,-.079148076,-.0071579814437361
69421376,.27168745,-.0779556340181748
69448522,.34736827,.0169943298949931
69448562,.34736827,.0169943298949931
69451139,-1.5309892,-.0884812373210675
69489334,.10517812,.0037197020258617
69489368,.40442342,.0410039855628549
69509780,.57866222,.0220645841672139
69557332,1.5119621,-.0913912079732535
69591362,.14233001,.0368159132928972
69639214,-.54420251,.0026300242012533
69666136,.86474073,.1123925238974668
69700126,.067497201,-.2381536254468935
69700126,-.20607609,-.2381536254468935
69720572,.70211232,-.0427691943980619
69842964,-.53825587,.0250913764043643
69843058,.31006518,-.0237346266735848
69849732,.080695972,.0169959604891335
69951726,.29948053,.0079462127823056
69999328,.47976494,.0797397933106448
70033422,.19849274,.017019718054263
70141331,.32763827,.0097678278167116
70148972,.28970787,.0058336895730924
70176204,-.16909356,-.0303821595673856
70196580,.49034244,.04850300320757
70244164,.54074538,.083691990399086
70278128,.28902808,.0192005774894017
70325738,.63216197,.0463237693572838
70339418,-.082450047,.0157048822251012
70373982,.29361206,.0013461111901543
70495802,-.064790003,-.0197712122421935
70584140,1.1223401,.00161882003149
70611332,1.0635349,.0137952527465226
70760976,.092457831,.0122791528216474
70794974,-.67857903,-.0980975362515781
70856208,-.067605056,-.0231477745135158
70937782,.1014307,-.0288250676868099
70992182,.067919686,-.002261266619329
70999048,.17790417,-.0175031697321405
71046530,.49712428,-.0353101284298542
71114532,.38115525,.0100569550669241
71121328,.65888822,-.0406961270608279
71128176,.58881766,.0077458681601121
71196162,.31964758,.0128668636575562
71305046,.31360593,-.0165793870269041
71339018,-.20578633,-.0456563284289997
71468174,.0042326869,.0378363882976593
71468174,.47353142,.0378363882976593
71542962,-2.17712,-.0566522841987226
71583762,.085606821,.0400447384388819
71597368,.42437801,.0066605058647372
71672090,.73390269,-.0058874325844625
71923728,.77870613,.0498327178799572
72012134,.35720402,-.1289015991992926
72032574,.11681035,.0025092493880538
72066534,.4077912,-.0076201338343316
72066578,.10918617,.0055913441617099
72073378,.65410781,.0258478803282157
72161722,-.26563171,-.0489729885978724
72161770,-.24938098,-.0686410551045648
72168568,.81554693,.0062373106653459
72182182,.18514974,.0039059786943866
72216130,1.1078973,.0077166314118104
72331736,.87087703,.0368660432979365
72447418,-.26879296,-.0581598978315536
72488848,.36733186,-.0596514080719445
72556180,.38644224,.0828682476163131
72576656,.25762275,-.1007336882946845
72624166,1.0127116,.0160667684080633
72692172,.3077414,-.0211025904843765
72787340,.84596133,.0164744038673012
72787406,.69508982,-.0230033842513325
72807738,.84811544,-.0019725426459678
72862202,.55210161,.0799577703208946
72882578,1.1542434,.0360365388753141
72977724,.92891347,.0333657878575632
73011722,-.13627046,-.0125890297134019
73011770,.096638657,-.0021619091723698
73011816,-.22202286,-.0043361276177938
73018620,-.22463447,-.0181185089225522
73018620,.015387629,-.0181185089225522
73045732,.76096439,-.0043447514534656
73045778,.23157768,-.0429690393092348
73086534,-1.2285484,-.0742981831151787
73113730,.23629504,-.0160258413929751
73168136,.50024265,.1280200213096466
73202252,-.20427719,-.0923902181093064
73283738,.73300439,.0133947767347316
73297368,-.0049980218,-.0083274656369342
73331372,.15659688,-.2648320972335488
73365330,-.11019104,.0068951016372539
73427932,-.51719964,-.1087669827238284
73467412,.0058339876,-.0744897572012013
73542122,.21155395,.021304410034871
73542162,.21155395,.021304410034871
73691770,.0029468543,.0326790769595761
73698608,-.40877253,-.0386817048900028
73698724,-.21562287,-.0008864516331851
73759764,-.34823358,-.002746007324633
73786972,.081760384,-.0414445619830608
73793732,.45488578,-.0110150826042808
73841368,.53962106,.067532978285086
73841408,.53619105,.0614637302389731
73963814,-.50234807,-.0260512836164109
73984364,.1316523,-.0878451143004495
73997928,-.076761566,-.0827435380075105
74065782,-.21962978,-.0024953782013582
74079332,-.043598156,-.0313841160081902
74086322,-.010643186,-.0453562569983213
74092964,.42616388,.0116418799280715
74133762,-.63675672,-.0162329462903419
74140572,.29968545,.0611664824070102
74140604,.45802766,.017807471628732
74167804,.3593089,-.0156352118350718
74229688,-.14534025,-.0491848169609237
74249382,-.046598177,.0123457009283975
74276570,-.9070521,-.0578873239103026
74337778,-.083943702,.0074864131586443
74398938,1.2228978,.0449487324078633
74439900,.29652101,.001204589066614
74460172,-.21821699,-.0280615317387074
74692022,.29522872,-.0139800192578966
74698182,.37512377,-.01718994709821
74753208,-.072554581,-.0184631241508752
74813816,-.50831318,-.005783248476625
74847766,.71265614,.0957552081947951
74861324,.53654665,-.0627259941372408
74868244,-.49722233,-.0285422802482632
74902140,-1.2224973,.0411078621665603
74929380,.44466257,.0019530635055882
74997324,.10442476,-.0330606567580587
75113614,.48380443,.0021980328159854
75174164,.27834517,-.0471638282266137
75187846,.027269267,-.0329601214854573
75344166,-.99409193,.1022662046228014
75398572,.18896537,.0054241314749472
75425726,.6184327,-.2432900495392922
75452972,.57600659,.0018319398712164
75453050,.12943938,-.0255833977802962
75602562,.37870815,.0113419754639809
75643368,-.2911489,-.0260593232297077
75677332,1.2534124,.0401610600460267
75691006,.25563014,.0244972458119584
75691006,.32505476,.0244972458119584
75779324,.31020552,.0257541285675934
75888132,-.16808306,-.007868578496882
75942608,-.37365064,.0027502405464687
75969806,.18225013,.0271490580042522
75976536,-.072836705,-.344742833297273
76024208,.6519227,.071024444604169
76030968,.32200211,-.0113719767647562
76119364,.4430438,-.0055837299829929
76133016,-.2006475,-.0094116481762038
76139764,.11346191,-.1153908779339465
76153328,.33994615,.030579570693521
76214534,.59068817,.0001684543004376
76384564,-.52068597,.0120694333761532
76452568,.097773433,.0139770219713613
76799370,.60248154,-.0467924926479082
76833412,-.33715054,.0007262392518667
76949008,.47387314,-.001208476476858
76976812,-.316585,-.0514684569551867
77023770,.22950554,.0186770709578557
77064530,.44915822,.0339191907387891
77363808,.10270831,-.0288754284260045
77744606,-.10720371,-.0272984493343674
77751328,.56380975,-.0225864569815355
77914606,-.26850134,-.0173567112980425
77914644,-.11726518,.017355290027112
77934966,.60115844,-.0266595061163066
77935006,.49068642,-.0293720739533522
78084686,-.57052261,-.0101586142208361
78105008,.36445734,-.1662612063576766
78111766,-.2103609,.0121600336317819
78186568,.21878836,-.0414503176471571
78438166,-.15754198,.0632720736170387
78438166,.073768042,.0632720736170387
78567364,-.40112093,-.0059165349770955
78676164,.5196768,.0751044199540419
78934604,.57303703,.0645281533181157
79506404,-.24207646,.0159907479429835
79838926,.50906187,-.0035375342656722
79968166,-.47474673,-.0235727542644602
80675326,-.26583928,.0189765049834356
80750124,.32180691,.0432010885734568
80961004,.066379629,-.1302762735214205
80961004,-.096389338,-.1302762735214205
96196277,-.42196906,.0507663277356473
102436002,.45201513,.0462581589834009
102918122,-.41032517,.1519994536835018
103224202,-.047482867,.0519704120555129
103496202,-.13777122,-.0051243946124882
103795402,.75440174,.1066935260137814
103863322,1.000679,.0559322248182422
103978962,.64220226,.0372446372965746
104013002,-.23438913,.0215776358136447
104040122,.078490518,.0002948923626465
104087802,-.13607341,.0464311748492866
104230522,.49519208,-.0177806396662188
104374002,.24705206,.044250380376832
104386922,.10371524,.0027179361183579
104414122,1.0913595,.068616337046959
104978522,.87660623,.021839687654583
105243802,.60304099,.0042465220499284
105610922,.76751238,-.0281774377230181
105610922,.92533672,-.0281774377230181
105658562,.34830633,.0429197908091242
105719762,.63260877,.0180650579929707
105828562,1.0360085,.0143693309098879
106005402,.16916583,.01103313169297
136006823,.25291997,.0033179391780008
136041008,-.16952462,-.0204734510218086
136076859,-.12418333,-.0095508628256719
136115766,-.13266081,.0044100076625775
136149768,.41043332,.0320894996901534
136156522,.33878326,.047627202373523
136176968,.33570969,.026183604470133
136183734,.47638279,.0313592018761065
136227819,.53284186,.0726411155576488
136258415,.46525329,-.0204746412123219
136267943,-.47874779,-.0199114202175045
136291063,-.20955485,.0480299137909582
136353732,.0016109506,.0130870134353362
136381008,-.18951569,-.0221356432673177
136384215,.055129442,-.0034118452761168
136433859,-.35082209,-.0701976618238461
136442208,.089177705,.0674218965847041
136482922,.32582778,-.0362535262030648
136490979,.17753123,.0205875859431259
136496564,-.010785523,-.0191896217889975
136516930,-.13073877,-.0168753430943155
136566463,.08029633,-.0261001627906817
136620179,.32100689,.0242057049392111
136624943,.63238412,.0102059655572947
136634459,.31528056,.0095906092995475
136648063,.25383306,-.0135589347659447
136653006,.74706316,.0985645138163041
136686976,.081128687,-.0165568970120825
136687012,.36903363,.0159376260647924
136715375,.13817938,-.0203808997413082
136748122,-.50682235,-.0048919594061045
136779299,-.34293827,-.0951911147009329
136856972,-.160446,.0071509689888256
136877326,-.46307677,-.0037573033341033
136967659,.52296245,-.0313698590439779
137020703,.67695671,.0002597612946877
137033842,.066887252,-.0559743556718411
137099575,.7489267,.0817022699997598
137108564,-.060718831,.0070235144874948
137159419,.16618289,.0704668769969113
137197008,-.43111572,-.009593435960936
137221975,.5529297,.0510931431662396
137223343,.42318484,.0264607932360753
137228107,-.23726486,.0199510420253566
137231012,.66452187,-.081690500717286
137255983,-.61107141,-.0261361912215391
137332884,-.60784662,.017376611717573
137334179,-.081315324,.009537963995143
137353330,.60349941,-.0054314696790196
137414580,.24008259,-.0234967891181148
137428128,.68222761,.0159666043349235
137455324,.33854467,.064777819677783
137475724,.032478925,.0216938770394975
137475922,.7227028,-.0327039129717425
137482576,1.243808,-.0072140050864878
137543722,-.30751109,.030394161889283
137550764,-.47280714,-.0164051561450745
137659368,-.47482297,.0065891467735399
137674855,.75807673,.0312161767131402
137686646,-.21754965,.0265881508016733
137836260,-.003430739,-.0007232086432313
137842966,1.160139,-.0353904153059458
137842966,.85512501,-.0353904153059458
137876934,.62359595,-.0342215064663508
137904128,.59087735,.0762370257130727
138026522,.6813783,.0179222217058423
138169406,-.18350953,-.0117964319599088
138189862,-.3921451,.0161711285966588
138224295,.20583652,-.0428564345202367
138284924,.20991603,-5.35179582824e-06
138420978,1.1511406,.0195619406503892
138476006,-.31573078,-.0209092094466966
138577450,-.24485806,.0153044718532831
138604562,.46598423,-.018994293905726
138611362,.14282727,.0305339188304386
138634339,.19432212,.0707976026688601
138665736,.51417673,-.0041219242852958
138665736,.3288365,-.0041219242852958
138714048,.85912299,.0055740399619983
138761018,-.37974894,-.0841272882627729
138774572,.35862947,-.0385656262281991
138783255,.57358092,-.0086954943876076
138896974,.79681689,.1244818531550493
138917332,.55846083,.0112093656156267
139073730,1.0100055,.1062122009947536
139107738,-.52073222,.067427574753
139107742,.35573977,.0186183181649364
139141802,-.24181417,-.0019760195196394
139318572,-.071128309,-.0931024658865885
139386522,-.15381245,-.0002351326880445
139386562,-.15381245,-.0002351326880445
139413808,.079593591,-.0096180041788227
139488574,1.4609439,.0119214434909194
139488644,.24241656,-.0575464198616215
139488644,.29118428,-.0575464198616215
139577004,-.20485194,.0000991756099314
139644964,-.32676154,.0424704221943124
139692530,1.3470088,-.0476714657383965
139848964,.38001677,-.0038404423212924
139937342,.39358076,.0067173229771367
140127722,.51324165,-.01668848169541
140202572,.26310733,.0513206983020249
140392962,.59037215,.014556214020981
140420124,.0031424847,-.0083413312042456
140420176,-.034512047,-.0196822397832631
140529012,-.92867148,-.0128786575104296
140590170,-.17296293,-.0023119055169923
140624122,1.8317351,-.0817880488806606
140644566,.60544103,-.1379116091244799
140678736,-.17009555,-.0066912692117063
140712656,.15448564,.0414195382800879
140760166,-.45312881,-.0548271987147952
140773770,.25587317,-.0411629830288871
140923322,.34760055,-.2365081287178881
140923342,.88402182,-.0008872361542966
140984604,-.16352265,.002885831454015
141005056,-.04874786,-.0377584827365858
141005096,-.04874786,-.0377584827365858
141025326,1.3568672,.0877834043110317
141045780,.60268778,.0118471892961915
141188612,-.3897796,.0338536377999033
141229368,-.36964595,-.0408478724163357
141236214,-.27839455,.0877383260591306
141236218,-.42116997,-.0129098858380834
141331380,-.93459409,.041965848700862
141399372,.84702373,.0302804097538736
141433368,.43012661,.0584856336522978
141487698,.20434518,.013051235437937
141555766,-.043272108,.0267196324607917
141562564,-.23455539,-.0263121293469115
141603404,.015136714,.0811593217842422
141657736,.85672837,.0170313483434626
141691724,1.4356378,-.0132537467898321
141732608,.38973564,.043395221314345
141793810,-.12617885,.0544125064200793
141834536,-.010861452,-.0224617701911982
141841380,.85806733,.0054669382539434
141882258,-.28748807,-.0637534997759263
141943336,-.11497197,-.0175829491834619
141956964,-.12870476,.0211963800846261
141957004,-.12870476,.0211963800846261
142011490,.19090991,.0400573040667227
142147366,.82256097,-.1224302322796528
142290124,.93089342,.0565145247057826
142385370,.36571029,-.0304123572619226
142406406,-.58781558,-.0312913794203021
142412646,-.62077868,-.1106243187614898
142507808,.30009502,-.0947091042399481
142528168,.22534598,.00256867791696
142541766,.063172929,.0289209275889753
142596816,-.22343475,.0080409795448939
142609820,-.24960709,.0067887447339381
142650648,.1254912,.0574161317954111
142664182,-1.2334603,.0468260676072024
142677740,.50169194,-.0224045024295032
142813854,.58449,.0042301739371025
142820526,.72605187,.0145701702412479
142861382,.64364457,-.000282524057875
143058534,-1.4910548,.0495733484204502
143099374,-1.86271,.0043686283003374
143099404,.25387928,.0232873355706633
143147010,-.39057344,-.080056962598026
143153816,.15104058,.0076387759422469
143160684,-.23423092,.0062150350244815
143160724,-.23423092,.0062150350244815
143174204,-.33356377,-.0524086992522277
143235380,.31666791,-.0005033185833779
143248978,.65968102,.0488084012882596
143371362,.13506931,.0070207821050852
143405406,.27041245,.0362023312184905
143418966,-.35415959,.0267600919708541
143439338,.074661314,-.0282566144595443
143460378,.0022322731,-.0084943097719645
143486924,.14328131,-.0114984792160361
143507366,.30072951,.0196757945997593
143520938,.48508447,-.0120814929716536
143527882,-.21082611,-.0869906782597213
143561806,-.11629219,-.0169999374585085
143623042,-.50940323,.0623842651685403
143752126,.91418689,.0472998034126989
143847338,-.15338485,-.0063449817240737
143915366,.41749087,-.0143242168442139
143969772,-.57016724,.0617368878761847
143996974,.25358143,.0306355249691743
144017402,-.8410235,-.0285895592416241
144085370,.98653728,.0472322452829613
144098898,.17505248,-.0157956145051854
144112524,-.60479373,-.0571641280372147
144248564,.71752834,.042226141036901
144268974,.43990532,-.0258182245171753
144357332,.53024399,.0481619090668835
144547732,.30216005,.0137786075201476
144588536,-.12906733,-.0080394935482394
144649736,.078192972,-.0418321063376918
144751724,.064632118,-.0484648899890436
144765364,.014502586,-.0323034031122358
144778932,.55336267,.0156511352378576
144846972,.50018108,.073109533952723
144976762,-.27691513,-.0105131471498807
144982962,.03386765,-.0739745238341214
145017048,-.023002982,-.0645161485353467
145017048,-.009939638,-.0645161485353467
145098530,.63498145,.0011456647338024
145105368,.30556586,.0149085176431325
145159850,-.28849831,-.0423828936230753
145186968,.22717032,.0192430075450069
145261770,1.1581429,.0314504556261138
145275368,.35639572,.0203787825918769
145295768,.48929381,.1768930070211162
145309330,.68142408,.0403717073851992
145336568,.25719222,.0873046970850073
145424928,.16858894,.0607934953336569
145459008,-.31947991,.0347144759363524
145520172,.36241329,-.0021687702929466
145520886,-.35139284,.0414494116610442
145574648,.051783737,.0120264514926124
145690168,-.225198,-.000972615936794
145792250,-.42274258,-.0750573267749241
145968926,.67901212,.185253785351574
146030208,.025691031,-.0346960573107212
146104928,.87669259,.0196988865115393
146145810,.19282962,.0007158058087027
146206930,.066981494,-.004855521317262
146268210,.3910833,.0085730658129779
146357208,-.52505803,.0411715706135472
146411044,-1.0192264,-.0735789628522702
146608166,.71676594,.0532714147716735
146798528,.2389908,.1073093876019092
146859766,-.018657722,-.0323558880446348
146893764,.48577467,.0450743791518051
146961726,.60998863,.0603995250074902
146975448,.13007529,-.0601437516520505
147050134,.53135788,-.0055078428113983
147573766,.043533336,.0590532765143797
147594844,-.50915527,.009526102305568
147607726,-.24928614,-.0134654320553693
147621404,-.746059,-.0518197082423508
147791324,.23779458,.0422761160203731
147913724,.56251615,.0108056446164139
147961404,.34544131,.0093206456283011
148029324,.22004244,.0013244402803829
148036124,-.051261116,-.0093280907367834
148185806,-.16148779,-.0215299876838332
148233324,.90917212,.0119907073196569
148383044,.19073407,-.0313798954248356
148512124,-.24688114,-.0112021923070527
148879364,-.080775306,-.0715221985917394
148940564,-.741687,-.1438008689409296
148967724,.044574004,.0692729029639159
149035724,.70872861,.0596715449118359
149110606,-.0045960532,-.059101975744129
149117364,.46811524,-.0357927589053973
149348566,.1132568,.0126830121351709
149477726,.34775358,.0411426827473864
149960524,.64565676,.0093715566404183
150150964,.1241288,-.0423735361995239
150388924,.43469542,.0025230329586788
171196962,-.12535636,.008718691304888
171468962,.023920797,.0323483994624058
171652522,1.3259356,.0777958978268894
171802202,-.048773911,.0140806967357767
171808962,.43786445,.0222192764967199
171897322,.34331948,.0517570772560524
171938122,-.19171633,-.0082526427846989
172189722,.60658795,.0289832812680591
172196562,.27493346,.0154864935049719
172264602,.29273325,-.0091443302077657
172468522,.36170614,.0091729498630317
172502522,.48496458,-.0005464866194456
172590922,1.1575326,-.0090664705661195
172978522,-1.9419602,-.1492688943689228
173121362,.87486535,-.1073646786136888
173175802,-.49283564,.0235304781163177
173971482,-1.2232839,-.0017761079831861
173971522,-1.2232839,-.0017761079831861
173971562,-1.2232839,-.0017761079831861
174182162,.36838672,.0304848828718979
174277362,.50289929,-.0209460042721595
204021202,-.16417147,-.0197065916179672
204027374,.056350198,-.0339201173861401
204055099,.71261317,.0756365246354702
204068699,-.40290549,.0030591916691475
204108962,.43929821,.0390190616431441
204115806,-.096959822,.0446827130371596
204208103,.026165416,.0274058219060438
204215571,-1.2592483,.0212475508146562
204216271,-.4655211,-.0174201914032297
204230531,-.26898986,-.0260975072448749
204238166,.12643257,.0157399748732192
204242787,-.78603286,.0762555140819984
204276095,.57815206,.0470484934451388
204299412,.014571792,-.0072672519623614
204300579,.44252133,.0091382149877369
204311455,.57835239,.0267822797422352
204321655,.20215712,.024191486150622
204374180,.037274797,.030815848100254
204375379,.010602133,.0225656812798612
204387772,.70009238,.0613877079787876
204421762,-.15008578,-.0396167224774542
204499811,-.55979431,-.0060281800006957
204512063,.8089065,-.0191783588069385
204516926,.500359,.0570737633271697
204517004,.18056667,-.0362314846755635
204531210,.013284419,.0033012045071929
204547415,.90230209,.039809836064498
204584942,.48176527,.0011954846289647
204595699,.18149437,-.0029500791863797
204597059,.018517608,.0068960204710736
204646212,.14548449,.0110230520923567
204658943,.71544158,-.0437281322145292
204666562,.21126032,.0351805278866427
204680168,.45046738,.0572525150974554
204690903,-.49870646,.0101277863423503
204727780,-.32006517,-.0106731511153827
204746663,.66512716,.0822747089205433
204755499,.11596714,.0043078274005059
204791539,1.0068409,.0976231739642809
204829772,.40384078,.1007968233409968
204836526,.89346242,-.0954245770921389
204870566,.29083341,-.0004528156755413
204870566,.34050462,-.0004528156755413
204871779,-.37385306,.0140861515141246
204890815,-.21470998,-.006822208616936
204890924,.18652961,.0120015840425695
204897738,.43808126,.0568714134386699
204925495,-.071297258,-.0149522846231343
204931936,-.15924764,-.0528003377558768
204965740,.56558001,-.000764744489448
204966412,-.1956051,-.0108973776329112
204986124,.78352982,.0164948302195716
204999770,-.12234316,-.0139600229920236
205058775,-.11606506,-.0129913550243415
205061495,.88461185,.0847532264083694
205067730,-.26449805,.0151992468229629
205074616,.32553691,.0267746703909561
205086655,-.31399274,.0764636778008993
205135724,.22195536,.0399148071371083
205142646,.20577788,.0385875055469975
205148535,1.3513104,-.1133658241403457
205181183,-.14363131,-.0959680212909245
205217376,.46782055,.0001642580868788
205218052,.35994202,.0225747263226715
205244526,-.45909801,.0164272162820317
205264976,.78486705,.0935051948847307
205264976,-.51563036,.0935051948847307
205279103,.41690469,.0480621799424292
205305762,.043022286,.0453639377064679
205312500,.21387452,.0327302951302048
205326130,.77312213,.0232196188760631
205367006,-1.1160347,-.026947980914675
205373884,-.61754763,.0461834167242322
205400938,.086243786,-.0148237565603615
205407810,-.11875211,-.0386739606423182
205482564,-.13371639,-.0195729141650782
205523340,-2.0321136,.063493012762573
205570966,.18372285,.0619464739909736
205572187,-.29135579,.0037318599473611
205638982,.54436547,.0200774179530959
205686608,.19068404,-.0023734683378644
205686618,-.39833564,-.0382521159510926
205686648,.19068404,-.0023734683378644
205700174,.26163667,.0004328532059763
205713776,.16945341,.1121604824517255
205754530,.72529835,-.002955107792003
205809612,-.0079547018,-.1886284141498851
205812215,-.0065271258,.014260587322934
205822564,-.16904868,-.0726844419330604
205834663,-.41175219,-.0105123296452854
205845539,-.31324667,.0137629232601999
205898583,.26898843,.0350326749438151
205944962,-.071698248,.0200612749056129
205951802,-.38805521,-.0866552798265171
205978936,.2933577,.0335817303983656
205986412,-.020575842,-.0000708516856559
205992574,-.54341656,-.0753415255927669
206128648,-.17517252,-.0080721639297245
206128648,-.18926883,-.0080721639297245
206142128,-.2023008,-.0700908845196388
206155822,.46015453,.0519455151205034
206250976,.43656948,-.0391490294045885
206264578,.57101965,.0324871184250275
206333095,.14557536,.0160638785544838
206366614,.17756216,-.0216678071784483
206393862,-.033964004,-.0009401792510713
206400538,.63411885,-.0741249296176116
206441370,.012738709,-.0234930319206391
206448134,.27148849,-.0737439626025669
206461802,-.37855548,-.0424045949511662
206524859,.59489739,-.0040030463348417
206577406,-.38801864,-.0122227185156207
206584122,.011947243,.0688147532089381
206679364,-.38938272,.0046301188030608
206883328,.30925384,-.0260934163963903
206890130,.58831877,-.0855914296618821
206930978,1.2425441,.0498998817921382
207039736,.27244636,.0133906703588646
207053378,.93456095,.0043655602817744
207175812,-.045469258,.0341458340451658
207182660,.20694491,.0066733718082009
207345742,.96705806,.0060752988589503
207352534,1.1460985,.0727943757063949
207542928,-2.5900123,.0190951065168769
207576922,.60677934,.0948117590176994
207638214,.69552201,.0834237826501988
207651732,.7461853,.1125998396666154
207678930,-.047421757,.0202527232500224
207712922,.8547951,.0074125227921645
207808140,.81583738,.0182264853710561
207944176,.54626697,.0117064533550225
207998562,.83527583,.0685594060708659
208053016,.42149222,-.1384499398572779
208120982,.14921072,.01006676691465
208127888,-.35708985,-.0227143737256104
208284176,.24550049,.0103548628129314
208358932,.76277167,.0325914580314329
208406570,.95523053,.0492019452091893
208644604,.6246351,.0949294447922561
208651364,.15957485,.0270317722219212
208739732,.59686601,-.0056143673540605
208753368,.37824675,-.0157426191717319
208760126,.10547274,.1655371536909796
208773768,.67277575,.072134467687886
208814570,.7090407,.0461547419287972
208841762,-.34081817,-.0015427350787827
208882610,-.66508627,.0043209094011514
208902982,.17432116,.0014907394236004
208923404,2.5341029,-.0034885486983681
209038922,1.3305155,.0552887278297646
209120532,.087820143,.0283596260372884
209174974,-.60723263,-.0143194991177791
209175014,-.73058063,-.0204138244258909
209365442,-.022641446,-.0155238894686623
209372168,.27442569,.035578802066658
209514932,.60367811,.0067675362806867
209528538,-.13196433,-.015701648622331
209535322,1.3999411,.0746493344967903
209569404,-.20517409,.0018206505128088
209630570,.82877219,.0916430324291533
209678170,.31342819,.0172803339935256
209766568,-.061407309,.0195961327609121
209766568,.20918339,.0195961327609121
209807336,.12734783,-.006831565025159
209814244,.018245038,-.0375867908919726
209868522,.80473274,-.0577888745043956
209882218,.35286391,.004260646060573
209889092,.0053718067,-.076744409259822
209902526,1.2147217,.0111087099385961
210025042,.61945981,.0170815761324923
210038578,.0511619,.044382324278619
210147366,.86475551,-.0605454932877561
210154176,.40256363,.0090223712864516
210167778,.66480511,-.0567292266910991
210249406,.36295152,.0397866720342755
210351334,-1.1504524,-.0623075734985446
210351416,.30654937,-.0766325211014819
210358164,1.0283808,.0762611172039194
210419324,.73688519,.0741131085373442
210426208,.26742074,-.076664186079309
210439738,.36147374,.0023592308519995
210473764,.056909047,.0043069930424621
210501048,.85957068,.0660944593471178
210534964,-.040013015,.0180993688963279
210616540,.023482895,-.0631356019737148
210651202,-.17679155,-.0505554416588271
210752654,.20240466,.0492686895583042
210949774,-.4768756,.1168653920532889
211044974,.37631822,.0035624478293994
211078922,.032786593,.0212135622354499
211099376,.58164424,.0065809634711191
211099376,.26619735,.0065809634711191
211242124,.21509433,.0048959943191703
211276130,.15464702,-.0076129414624391
211276292,-.1373287,-.0234345438720478
211310170,.39036319,-.0253670292283272
211337330,-.21421704,-.0966923314460322
211384970,.30556899,.0014277547883757
211385020,.38751909,.0298138979114881
211418938,1.1812907,.0125170330982955
211459730,.63688892,-.005184519474858
211500524,.96183842,.0989273500446077
211541382,-.10432756,.0124383061971784
211541382,.045712899,.0124383061971784
211575442,-.42901433,.0072129385015581
211588942,-.66946381,.034111335877148
211629740,-.04724605,.0003238044612572
211650182,.98596269,-.0808331236692457
211684298,-.54219371,-.0191124798436797
211806542,.64690733,.0066196588157807
211840528,.64705306,.018065233437278
211874578,.16429904,-.0248592673279351
211888284,-.32334569,-.0001856190754088
211901768,.44537362,-.1043601029517809
211901768,.93843615,-.1043601029517809
211915378,-.23518315,.0307901557692469
211942574,.36083171,.0092022928928981
211942656,.28156909,.0041694843673898
211976648,-.29366985,-.0040384814312239
211990140,-.074290596,.0306484823772115
212024246,-.18440256,-.0327779861209815
212058248,-.0043192543,-.1534269731152642
212139848,-.39179748,.0054669540607911
212153484,-.1135324,-.0034343972995871
212221370,.6976971,.0099884788401901
212337010,-.47210836,-.0277119939498837
212411780,-.41106325,-.0790049362621635
212445730,.60049838,.0251868746821875
212540966,-.039469749,.0168451066414721
212561364,.75246036,.0367835211044749
212622540,.24503815,-.0022300355235078
212676892,-.81722349,-.0078592392722129
212710940,.23280653,.0038897791224398
212819846,.1662468,.0307445386871446
212826524,.41517147,.0205707443504166
212887846,.36193159,-.0563627642625142
212983006,.58930182,-.0055576348571283
213078170,-.065308213,.0123059128774779
213112138,.19296017,.0038322780364819
213152934,-.38924512,-.0170803664599791
213152964,.44018304,-.0966938149861567
213220930,.70282692,.2721546055197525
213220972,.62370676,.0179885283414944
213288938,.21539304,.0569388083831278
213302572,.26733074,.0408125021375746
213329772,.69403106,.0597943948437305
213343402,-.67058486,.0254404095277084
213350176,-.39289847,-.0704398275531929
213357092,-1.4958899,-.0107729051838494
213431738,-.55017996,.0171157952001079
213452212,-.34504807,-.0427485994933553
213506482,-.42244253,.00102096379049
213527046,.35401079,.0560535815334567
213588252,.19623184,-.0020090829403528
213588252,.15642127,-.0020090829403528
213628924,-1.0131992,-.0253327280871555
213635766,.29273003,.0345833747033333
213676524,.28908217,.0012110361035184
213676570,.69254792,.0610471392011029
213690130,.64876735,-.0356626638674081
213724256,.26540136,.0013680449799748
213805776,.41149226,.0569195365198138
213805808,.62567854,.0031962676652388
213921404,-.54954511,-.0030790099908252
213989364,-.32513744,-.0170448734456913
214036932,1.3591125,.003935623636931
214037004,-.1805329,-.1602366214993908
214098134,.25751555,-.0059700701833171
214261328,.97984344,.0236219310810407
214390564,.28460661,.0409747130444016
214438126,.4460479,.0230422883186603
214534012,.27756077,-.0941259613072696
214655728,-.19652516,-.0036503951185239
214655728,-.2557964,-.0036503951185239
214744212,.23151578,-.066281485642481
214920964,-.45212272,-.1114573044957076
215451410,.37935898,-.0072093379105027
215560130,.48258764,.0483164015419938
215771010,.36115965,.0258863691636695
215900164,-.21111278,.0084493458787758
215954604,-.55508441,.0259717604747802
215961406,.36268067,.0366473629576544
216036126,-.33363444,-.0056098313979242
216036244,-.43110052,-.0005982261261662
216124526,.81465793,.0498636839833242
216219766,-.2851747,-.0020614986713109
216233326,.76276475,.0342943530459361
216315046,-.14460784,-.0368207627909476
216573324,1.0179083,.0923222524787675
216593724,.58715469,.0530038871798123
217892524,.46142161,.0470720113281441
217926524,.09851113,-.1275800707995156
217933326,1.2530786,.0006366734309039
218749324,.46359852,-.0628257704607675
218749364,.50741655,-.0629805410715323
239067762,.18334925,-.0447433935919937
239978962,.34200782,.0013636287119008
240012922,1.3615723,.0728407881918018
240522962,-.2640059,.0156528154104441
240570522,-.23654824,-.0528202174302048
240699762,.54481965,.040329575483906
240713442,-.47058821,.0019396140856784
241556522,.1018874,-.0094489673057426
242678602,.025840605,-.0036839775222838
242821362,.5833832,.0218440196579712
243059362,.092878535,.0246128212979905
243086562,.48841083,.0309717086295805
272029935,-.62285048,-.0483583812588788
272054622,.166807,.004295854274735
272068128,.72991198,-.1008636503964462
272129368,.02321486,.0256168732409997
272143499,.17616548,.0156568365379634
272143499,.22515185,.0156568365379634
272238140,.5266127,-.0901971965352925
272285736,-.031308673,.0320936414012381
272354971,-.22519089,.0272303370388402
272364495,-.27043608,-.0105776316766047
272380936,.16376409,.0591020308774745
272382855,.36013854,.0378640019277912
272392375,.30997053,.0112115275630655
272462568,.62192225,.0298824492403873
272462568,.59462017,.0298824492403873
272486219,.6178751,.035033406593948
272496564,.06061234,-.0238151678316068
272506615,-.32039329,.0217842934137329
272557726,.72190577,.035060377006913
272620179,.42474398,.0211731139172145
272646023,.67933637,-.0838576163032341
272741368,1.0411646,.0202624381611704
272741899,-.18237235,-.0087876143680141
272836568,-.16750638,.1189741908477081
272856922,.062840372,-.0301948124944505
272856962,.090338372,-.0287832980420966
272873143,-.63400054,-.0503303937405101
272897768,.45608598,.0216010114227995
272925010,-.25000682,.0216228365170473
272952122,1.1568313,.0706702387384378
273020142,1.0514594,-.0092633122202251
273047326,.11393873,.1170439701593332
273054126,.26129931,.0257529482670341
273074570,.41497993,-.0017404724966993
273081502,-.10236339,.0147932696541868
273081895,.21998566,.0079469194378621
273081895,.12622854,.0079469194378621
273115366,1.0447322,.1194437684458077
273115366,.6268273,.1194437684458077
273135738,-.14338426,-.0138579276939617
273196966,.058840025,.045907169369233
273196970,-.021929827,.1195642572373939
273251328,.56781614,.0174165174866637
273298930,-.46315217,-.1134209768537879
273312532,.93289864,.0530155367567873
273333016,.54386002,.0053875778740737
273387326,1.3651172,.0052554956229444
273387414,.11157809,.0235328036591688
273441762,.28881261,.0194220308187052
273477659,-.033448141,-.1524359512302565
273482606,.37091249,.0027147118860671
273509806,.11441953,-.0259426579821877
273550566,.49855524,.019009163105102
273557370,.93945295,.0526805646303699
273591408,-.17873032,.0710199293476397
273693328,1.4108026,.0708655961613066
273791819,-.075099275,-.0033853382259652
273843004,.079115845,.0095093530192835
273910938,.39577609,-.0411286326164472
273924427,-.19377762,.0163488697229271
273965370,-.30209368,-.0217528176095877
273965412,.44045943,.0436415231788025
273965412,.23200038,.0436415231788025
274062459,-.28961951,.0121166439469625
274067372,.15740907,.01774486892102
274142208,.33465737,.0171758614730673
274250934,-.08781261,.0365906536502571
274312176,-.024379244,-.0238829050831384
274325820,.91881943,.0088074742969685
274387100,-.51653892,-.0135372382548168
274400524,.35017583,-.0352323934312085
274452103,1.2865102,-.0383901563347861
274474539,-.31901371,-.0173422123136599
274480655,.17250988,.0669793331680499
274522976,.83035845,.0679757697547365
274541175,.27403656,-.0859877904421217
274569743,.61229682,.0029043272688489
274591016,-.35963672,-.0417998147657119
274591056,-.35963672,-.0417998147657119
274659722,-.7253387,.0100354002685143
274740536,.73315114,.0444923965563433
274863002,.51896334,-.0566855816899916
274917340,-.15979932,-.0010726950739625
274992176,.38195258,.0263113582348043
275053364,-.39936641,.0305393977874222
275053372,.22517431,-.0952837918459971
275087332,1.1390182,.069901748771094
275155342,.19439876,.0092517827060188
275162172,-.2167958,-.0739590289713371
275196248,-.12489712,.0090560762436129
275277740,.65633887,-.0224688890343951
275379776,.6453225,-.1756585718286981
275427382,.49468035,.0048857834954398
275536804,.45569059,-.0341959410463802
275651732,.81553406,.0208950195859462
275753740,-.0026421568,.0092880225209622
275862540,.57590777,-.0391395684718214
275930582,.92863697,.0020866374890623
275944128,.71642816,.0418483135777214
275951002,-.072065882,.0488254454272538
276025772,.4006803,-.0021520012816122
276025820,-.21103801,3.33990854775e-06
276046170,.40794966,.0533965969605234
276121014,.26761878,.0479506016843524
276141374,.19250512,-.0950036360715816
276168644,-.48258105,-.0139828506719336
276182162,.78199822,.0441218286330961
276182182,.60282707,-.0171536812354859
276202526,.84635341,.0525009474782458
276250100,-.51543224,.0266610049079817
276250100,-.37451288,.0266610049079817
276250138,.70703411,.0410378346497362
276406572,1.1956255,.0386826973283541
276447370,.38512412,.0290255480053541
276474534,.60796839,.0487527683956782
276515342,.18005536,.009216978669925
276549964,-.70471227,-.0577769652990928
276562968,-.86908144,-.0021882731651136
276569808,.29279467,-.0424614309101408
276590140,-1.1593852,.0508932085650355
276590218,-.1016063,.0053062901526885
276610528,-.28939897,-.1277895092278174
276698982,.16491026,.0085720914334695
276705774,-.2961773,.0615768770829279
276705782,.64885294,.0037149554570469
276841728,.23699421,-.0712941684119263
276841780,.69111359,.0283226498889956
276875776,.81332284,.0328161832223385
277011774,-.12717405,.0174878508397056
277025494,-.13342538,-.060213353266789
277066136,-1.0804904,-.0153581109675959
277072922,.70709366,.1099988110272175
277079852,-.54899102,.1387387460961296
277079852,-1.2231746,.1387387460961296
277120540,.49758938,.0004805691274425
277127338,.17435411,.000671735597637
277134138,.56848341,.0089254339088918
277174962,.24707881,.0820970406995066
277243010,1.2107433,.0703322232165775
277256576,.30611622,-.0030333196577935
277290658,.41850412,.0123677911004349
277317762,.019371526,.0224569185241672
277331378,.079678081,-.0140741016075256
277446924,.82221615,.060575148251137
277480978,.40817788,-.0050596053430631
277494526,.09009289,.0311135586277295
277528574,-.22670722,-.0217079268641975
277582926,.68088752,.0029380205203307
277630574,.086655445,-.0041485107233568
277800572,.90108544,-.0089471328580296
277916170,1.0605617,.0367186406599991
277943324,.38140863,-.0156434453744119
277943370,.48950061,-.0093389232389458
277956962,-.68257505,.0179449890703755
277957006,2.3011675,.0241123187302456
278004580,.98883557,-.0095182742838063
278018128,.24888197,.0030268713015313
278126926,.63812655,.0088349809247313
278181292,.15112633,.0291918246704124
278181322,-.30400437,.0236521207172501
278181370,-.48209807,-.0647869301668978
278371764,-.20118698,-.0006065398281931
278439722,-.42311594,-.0432197882556061
278446524,1.0676405,.0562382580805084
278480564,-.051040556,.0043970903431969
278575730,.48163587,.0471013670905602
278684536,.61039776,.0071314080216724
278691336,-.10375262,.0071961542254141
278691378,.52733243,.0992370276227887
278704964,-.052485611,.0212593862444492
278725376,.15348016,-.0015772020605351
278745764,-.60886854,-.0179537735169048
278881806,-.038995262,-.0565928836715299
278949802,.24350713,-.001816727331822
279031322,.28616741,.025187526386291
279051738,1.017579,.0261253268829518
279092658,-.25331739,-.0208780931687293
279140124,.41941223,.1401258666544786
279140130,-.1494595,.0150313656683559
279140142,.34961927,.0117495237071659
279221724,.59058076,-.0075958159193151
279248968,.40705019,.0012952760189518
279317002,-.3286691,.0052170642397551
279330496,.56155127,.0055296570102808
279446134,.28309104,-.0339339206332862
279473328,-.13538434,.0442092229800891
279480170,-.011075313,-.0785387627054267
279568572,.38647962,.0392629153882031
279602538,.41412118,-.0000251149075719
279643374,.58889627,.0480705708780544
279670566,.15103711,-.0475872876204464
279711322,.050802249,-.003895804002305
279718210,-.12538993,-.006001756373754
279731778,-.14985411,.0115895128021961
279759052,-.033869926,-.0575765861801105
279759052,-.22510791,-.0575765861801105
279772688,.46546471,-.0068167601282992
279779370,-.10674758,-.0566700999438364
279792934,.14219786,-.0373206125707508
279792976,.58920521,-.0483262508688527
279792976,.53686041,-.0483262508688527
279806498,-.55352825,-.0083888105645843
279813404,-.27471256,-.1467790306844854
279813482,.66175622,.0090722186767381
279922172,.076981217,-.0002544080279144
279976536,-.44837961,.040438706892349
279976576,-.4958216,.0393203762071842
280017336,.65737855,.0148151484028469
280024172,.28337321,.0117597703267446
280037726,.71764547,.0618731319306926
280051326,.61135942,-.0130420937696468
280065006,-.30896375,.0302951719666729
280098972,.7315926,-.0515982632115658
280160178,.083355889,.007625531197409
280166970,.91101301,.0688285882606301
280268970,1.119646,.1608163517267944
280269006,-.0085085426,-.1305421011420567
280275732,1.0924435,.0994426355289965
280316602,-1.1763843,-.0941394902249796
280350526,.53471667,-.0356489897854259
280371084,-.20266701,.0211498236543492
280411730,.93079919,-.0015240450196642
280432166,.4414579,.0618044571978056
280439002,.24249195,.0684999411145769
280466204,-.43823805,.0178396617434914
280528646,-1.0673369,-.0107885758096493
280595364,-.061845824,.0448757052982582
280608972,.30709001,.0460561243061893
280683812,.10351061,-.0376766865961525
280717724,-.36737889,.0976951981578804
280792644,-.14803787,.0208134523435719
280874252,-.27377549,-.0325332288144204
280914928,1.0657187,.1305932694444707
280989804,-.88112187,-.0131146855002639
280989844,-.88112187,-.0145089378677235
281125728,1.1353531,.1028487478220561
281139332,.63627583,-.0191605103581386
281160410,.4342126,-.0155335997860215
281350124,.6183331,.0022695510809494
281560970,.76847738,.0871232670500507
281568408,-.45013642,.0793611519436649
281677166,-.58442008,-.1848343391711735
281846724,-.1690006,.0122934105999722
281873808,-.11155429,-.0380947056286623
281894132,.11486809,.0057719389915948
281934932,-.48137537,-.0166796281252679
281968930,-.044391356,-.0013605948330645
281968970,-.044391356,-.0013605948330645
282383726,.7452516,.0432291078691206
282526568,.19335404,.0186196244744857
282601364,.21201172,.000629495396493
282771408,-.43251526,.0272521635343957
282778166,-.086557731,.0073736965904315
282859884,.59292716,-.0152677715786487
282900526,-.03197002,-.0123346924174691
282968526,1.5559909,.1975673994102378
283043404,.030604802,.041871753922284
283056964,-.13714039,.0726449155672075
283125048,.30200365,.0301607594485081
283186124,.092655681,.0832278064539485
283213404,-.31292003,-.0550054047870467
283349404,.55024904,.0438925130030997
283451324,1.114889,.0363434653093614
283451326,.74983537,.0708142004907349
283512604,1.6856054,-.0139652409853265
283662124,-.099195249,.0104741382920694
283730124,.82297975,-.0226331650942213
283974966,.12267721,-.0320838763559373
284444204,-.25004387,-.0109944763547068
284566524,-.57307965,.0190393741327727
284634532,.51113254,.0023048487369114
284634564,-.23274605,-.0029138360739348
284709366,-.39236161,.0063338233031968
284770686,.2556445,-.012272105502163
285389324,1.0946139,.0952709717925231
285491324,.57399154,-.0172917412496337
285620564,-.1856284,.0009027075635139
286164604,-.099792309,.015064613260994
306476802,.3386448,-.0023483951536339
307346642,.15755871,-.0218167501777842
307462162,.17466232,.0371383981726255
307659362,.38477856,.0399036051501366
307897322,.31401819,-.0016931869536416
308162602,.13068289,.0624240077848084
308937762,.31887701,.0318074242385703
309495322,.1148239,-.0127657249447274
309896642,.083052255,-.0734203185978952
310059762,.2405398,.0436940823279846
310379962,.1966929,-.0410578912654823
340016339,.076480187,-.0562921933313262
340034088,-.65174973,-.0156495664049691
340054536,.44400129,-.0132564294426
340074932,.17416799,-.0158447282611176
340095452,.0015315122,-.0157845049114146
340102216,-.094935603,-.0340893205893802
340112219,-.17917641,.0050056503793103
340115804,.0029535207,-.0229523297978611
340123242,.093599029,-.0864085016084036
340139419,.28639492,-.0058899283936269
340170206,-.34212226,-.0160331893147449
340187019,-.60808015,-.020137615490445
340199935,.70666522,.0207419620639433
340235975,-.45556089,-.0343106956339887
340245491,-.099383995,.0056637790230625
340272142,.29829395,.0047158373818742
340274739,.25519666,.0500846369741304
340303295,-.044482887,.0564917634945324
340334571,-.57312268,-.0114567337751058
340353738,.39870295,.0276809522675813
340405311,-2.0486536,-.0588374900885649
340435376,.11208589,.0185241917621513
340469364,.093376338,-.0129062450709744
340489772,.49576393,.0962469781181786
340489810,-.30789632,-.0368345965209958
340510130,.494201,.0569867400707053
340537328,.11265749,.0040324443676223
340546735,.6306771,-.0194310800066101
340556939,1.0008595,.0886601716662565
340562383,.55934399,-.0078006383569439
340574619,.10026384,.0081084212896357
340625738,.9030233,.0126340074050688
340651455,1.1702394,.1347590647155574
340652968,.80922633,.0714844987956898
340684775,-.15673985,-.0345227849647602
340765699,.38491046,-.0097093375989326
340777259,.23963605,.0190758446029653
340795722,.28297064,.0661820314324028
340809342,-.051536944,.0200513278761465
340823495,.82964486,-.1046801639408886
340862939,.084789082,-.0519734713951027
340882663,.27798012,.0085832136668645
340933051,.13312222,.0040730375676023
341013215,.33285591,-.031973446500255
341013891,-.30484676,-.0460989096428483
341020814,.31952137,.0154242478801138
341036339,-.053112384,.0095347706385573
341054208,-.15230191,-.0163947614018208
341060966,.44967112,.0078331768501313
341122214,-.02540968,-.0057752361178825
341156130,-.35463688,.038690945596118
341160775,.30478421,-.0035490304693893
341217378,.20799237,-.1166280783895137
341278415,.071704678,.02434871365019
341283863,.384496,-.0257582092321504
341285376,.83661175,-.0473302707662781
341340975,-.019603143,-.0805103829793938
341380522,-.8582564,.0062590404852917
341380568,.064945318,-.0108249510264429
341394136,-.49811256,.015875603349486
341394164,.026249394,-.0197369344786395
341400928,.51237029,.0035751577570346
341428084,-.69415188,.0086409093649727
341428134,-.632083,-.1074021727951741
341502968,1.6781653,-.0384679369813097
341507587,.38048512,.1241728169640148
341516606,-.28393123,-.0699295109797977
341557484,-.49275595,-.0920702180547259
341598166,.60928094,.0475896693001756
341625326,-.15121338,-.0280584136975323
341659223,-.76911151,.0032394783990318
341672922,.17599808,.0036676866706915
341673016,.84300512,.1082667413053398
341706964,-.017333776,.1700766741417794
341774964,.10152594,-.0388185730149826
341781776,.45230246,.0178999272295268
341829322,.083715759,.0034907597990809
341829322,.0050251582,.0034907597990809
341876924,-.33572701,.0039757476633125
341901979,-.0079183634,-.034364317099883
341938206,.40196928,.0377238585662534
341992570,.39867982,.0077774488149101
342033219,.17330886,-.012722704455945
342033366,-.35764804,.0285857358341337
342108132,.78265738,.0056345224102244
342114974,.10134961,-.0248484091060466
342230616,.86912179,-.0005327017730765
342305376,.28903344,.0320239176737949
342393852,-.34853834,.0046595364737839
342400656,-.30884477,.0085293846672839
342414174,.27781051,.0119896713528828
342414180,.21066092,-.0233540708917088
342414418,.32951462,-.0424791288973935
342448695,.32975012,.0047045421560208
342448699,.35902613,-.0028686579761607
342455511,.2047489,-.0364967851773533
342461808,.28089678,.0296559220632805
342482206,-.023116639,-.0047015799843232
342496295,.46494994,.0008854593781189
342522819,.79785848,.056104250613234
342523020,.52116215,-.0186391637182621
342524855,.23516537,.0000386065723093
342524855,.6519888,.0000386065723093
342549339,-.2000345,-.0686747762760818
342550180,.42581138,.0113393705344755
342554783,.13659257,-.071392295664336
342569055,.73417497,.0086923663275739
342590940,-.4863545,-.0064071647640808
342618176,.67279142,.1583417682527455
342692970,.74532884,.0605854165318882
342706536,.66700077,.0327641189513571
342747976,.86602098,-.0021067794273473
342748088,-.79404855,.0006484546226647
342760966,-.33674872,-.1004820533098442
342801780,.43787983,-.0090363366302816
342801820,.43787983,-.0090363366302816
342856212,-.39756018,.00766015711156
342876538,.89105952,-.019816298557933
342896934,.61329162,.039759836617832
342917328,.58517432,.0434125287158535
342958100,.78574413,-.0282609503886353
342978530,.41019449,.0094829586652979
343094168,.37085041,-.0043384195523727
343148564,.3270883,-.0046353241402336
343332170,.19006723,-.0151432744027534
343434292,-.17294201,-.0808505132094801
343549776,.048925981,.1500203664079033
343577050,-.39045864,-.0660440231809236
343583858,-.14608499,-.0512090893882043
343651738,-.12755613,-.0586789631946788
343706122,.30080286,.0086442867250873
343726580,.17180377,-.046409572315547
343740164,.30782807,.1412090733405712
343740164,-.63324416,.1412090733405712
343760524,.75083196,.1542992409193903
343869408,.46998557,.0119985369007124
343923686,.70284396,.0140666264377693
343923808,-.86054504,-.0482226336119072
343930568,-.39882231,-.0984327298148894
343930568,.075502619,-.0984327298148894
343930660,-.47788292,.0239028586085217
343937322,-.26052728,-.0134667775039682
343951102,-1.1678494,-.0033478562861895
344005370,.0043878709,.0211310578153592
344127738,-.57138664,.1034549424994242
344182128,-.06885267,.1142596750969447
344202526,.490275,-.0020826206128458
344202526,.84862661,-.0020826206128458
344304648,-.16539332,-.0057144924773651
344324926,.15028054,-.0203556039777928
344345536,.21073422,-.005293213757639
344358968,.5854345,.1090618702514931
344501780,-.19774202,-.0346947545061504
344501780,-.76810807,-.0346947545061504
344549334,.82895911,.0135315139016101
344603740,.52921635,-.2724137932700028
344692182,-.34644464,.0025267458579858
344705802,-.43950742,-.0132546496842835
344780608,-.15623589,.0366335377898389
344970974,-.38352308,-.0185670646312435
345005044,.032729976,.0000364164261253
345011740,-.56478739,-.01452867180814
345059380,-.23177283,-.0196344149106696
345072922,1.4871919,.0099814445715588
345113852,-.33544877,-.0155440584562721
345290602,-.52180594,-.0151400055638402
345426540,.44397837,.030969558660183
345426562,.16575637,.0350624148268095
345467322,-.19175781,.0117695991229731
345487850,-.28945452,.003462395977687
345501338,-.014434891,.0133154893746519
345542250,.17647409,-.0162429202218911
345671324,1.1289418,.1148113619384311
345671452,-.017086657,-.008145841626682
345882182,-.55643594,.0113451242895088
345923128,-.13455214,.0060653489466698
345956982,1.082329,.0074155929325607
345977448,-.67741734,.0671063552965384
346004572,-.51662439,-.053271322164598
346086122,.16181637,-.0231156084615144
346092968,.29785931,.0035865505698621
346127002,-.10320447,-.0209541866580543
346140646,-.14185682,-.0911880104026685
346167734,-.5494023,-.0300290652689603
346188180,.45809916,.008181831833721
346249364,.75772685,.2098787162586385
346296962,.47240892,-.0071292334806714
346371808,-.043754559,-.0060219680190976
346412564,.48244032,-.0355772731034459
346446564,.062165439,-.0108286675469618
346473738,.3965036,-.0318273265135525
346480608,-1.0054722,-.0138649479859021
346617204,-.39288369,.0158992962818384
346643774,.057897963,.0157723188612176
346684570,.26129717,.0368115056051347
346711722,-.94434607,.0748667788605452
346711734,.84714234,.0108345348159772
346718582,.33065662,.0155371485305872
346718608,.46346849,.0087549173110705
346759382,.75062472,.0901982641922175
346786566,.83107537,-.0024377974130451
346800212,-.13511266,.0132403133467323
346806976,.40580001,-.1843229801177788
346976922,.43461499,.0217575992427357
347085778,.64984339,.0506893277737329
347167382,-.24333231,-.0128130045971183
347289774,.59250909,.0030629448971905
347296562,-.72376227,-.0531522932549718
347316940,.78354228,-.0034108709333196
347412164,.097350776,-.092798639462182
347432606,-.52616489,.0058978706689335
347432618,.54329115,.0415809914404765
347439326,-.076963089,.0693868337705523
347446172,.033145964,-.0238695711831986
347500532,-.26362607,-.082863414917733
347514138,.041487452,-.0272458348431141
347555044,-.36022061,-.0347310470299944
347623006,.027166307,.0198227732224787
347629724,-.068107225,.0441708744206264
347663766,.60058159,.1163293910824166
347745374,-1.1583033,-.024104360752907
347806522,1.1191735,.1120907415901715
347820124,-.2371992,-.0509210601156095
347867818,.57192641,-.0117652893913549
347881408,.10965178,.0335369256153246
347901762,-.021221444,-.0020144739505432
347962974,.60783851,-.1106017731634565
348044682,-.55974483,-.0420747662508279
348058136,.65340334,.0155058397462913
348071810,.40066537,.0030739404612002
348098966,.19415469,-.0546913386107025
348099006,.083682694,-.0641776172146077
348126202,-.41982505,.0585698645417303
348139774,-.46545342,-.0356371854572363
348187376,-.66335237,.0249982732619044
348194132,1.0465356,-.1843935966858075
348241730,-.5149616,.0216960296288073
348309734,.24159688,.0101216766618339
348357366,.77309918,.0649124241264217
348432122,-.19545606,-.0376408834656547
348445770,.614811,.0020027815639927
348452604,-.81812471,.0390671498849505
348466124,1.0955205,.003129101161484
348466164,1.1393385,.0016756371665359
348486568,-.72732639,-.0677493462120658
348486568,-.2781224,-.0677493462120658
348649762,.39065701,-.0071252281386152
348717762,.65097439,.051248538786846
348724532,.23302281,-.0833565429215236
348840128,.68153858,.0490458881608954
348867330,.63341624,-.0942670274145008
348874132,.76386309,.0513984204710982
348921768,-.42016348,.0178911112501372
348948972,.24430792,.0113500950283555
348996568,.3678326,.0201454162125433
348996608,.3678326,.0201454162125433
349112128,.070236675,-.0698991145343911
349159772,.33875942,.0213615919070549
349173452,.93482327,.0106428240944521
349227728,.21510947,.031997099258531
349268532,.14951172,-.0192158661615494
349391044,.29661605,.0395502391945011
349492970,.83406258,.0684180965679737
349676572,.18732324,.0186265510278341
349873770,-.0037390247,.0153213289348045
349934966,1.0935282,.0817197349348125
349982526,.59214169,-.0494982519969015
349982526,.4316487,-.0494982519969015
349990006,-.36472869,.0243141224998136
350104966,-.39793089,.0036524741109302
350200208,.66196561,.0194505216304458
350220568,.87760758,.0641519922793278
350227408,.35296622,.0362508120097755
350240888,1.0049506,-.0288163111324674
350492526,.75135499,.0352892040138758
350791726,.11938803,.1636191340347154
350900524,-.65756524,.014072525689818
350941328,.099064372,-.0105169123442128
351043326,-.14138608,-.0998227741726721
351240564,.17539734,-.0503180870110052
351328964,.17896242,.0244640823051343
351342564,.57533199,.0040653061655209
351471764,.42469594,-.0552994951755539
351478566,-.6794312,-.0056072023649751
351614524,.49601588,.0317893533482213
351621364,.23312749,.0695192452092018
351784526,-.2807036,-.069124214773317
351798126,.40428174,.0118518894780212
351954606,-.31934664,.0045290486001863
352029326,.46611869,.082727147267615
352369966,-.20594509,-.0386463260216476
352600564,.048941035,-.0101365053851715
352634646,.51816624,.0006193834915873
352648124,-.43350887,-.0184191917517935
352797726,.47257474,.0325654797327638
353015364,-.069024764,.0053446794403613
353192124,.2974467,.0485608303222497
353253324,.87829363,.0778129917901697
353560004,.18412898,-.011213747489955
353715804,.42465097,-.0034619342141662
353831324,.51140362,.0909499301882252
374109042,.86725575,-.205556887916976
375965362,-.22884396,-.0119875012707384
376176202,.49687663,.051316645108877
377155282,-.41733819,-.0192617727535159
377311682,-.1994949,-.0714380310231326
377509002,.42956129,.0714538648555881
377951162,-.68081641,-.0257088713794949
378257042,.058282983,.0183106895285711
408054536,.88712072,.0100489867093349
408106779,-.57712936,-.0328216253947098
408108831,1.4800969,-.0485599238626115
408110191,-.2970089,-.0078530996050878
408112215,-.36829957,-.0226492105157141
408142968,-.14779614,-.023664220928212
408149768,.51288545,.02073059372026
408150291,.14931363,.0079339168114095
408195859,-.099276908,-.0071852195891948
408196531,-.14598913,.0358332760977143
408204122,.75952727,.0303268315879769
408224502,.25278094,.0073643920249205
408272176,-.25801647,-.0122918083845179
408274063,-.55303383,-.0081562784806867
408291735,-.77188218,-.0633285190888137
408295823,-.11541386,.0186495839528461
408360530,.60588741,-.0056913938550221
408496532,.8367157,-.056375512009408
408497775,.15262297,.0136603452285936
408501175,.65671998,.0346894651999564
408646130,1.6398245,-.11939605833799
408646172,.15823129,.0137276854535409
408659742,.29615155,.0013943768253661
408709255,.24467115,.0013978562849778
408718783,-.36068097,-.0179481165234575
408722855,.24229276,-.0031086065947265
408736455,-.3319518,-.015912999464644
408742006,-.065100074,-.0010078754560252
408788980,-.029811848,.0180759603179452
408809334,.71495926,-.0308289833587543
408841179,.068752892,.0112671246434057
408881295,.06363412,.0132909314116962
408884015,.44375551,-.1238742652476743
408894895,.97444594,.0944280934869525
408909855,-.86492538,-.0587428150328459
408952140,.76986295,.0039099472333204
408986140,-.39306927,-.009177632470718
409077827,-.011055237,.0244699785574959
409081332,.23421484,.0094569512847061
409115223,.59403491,.0379964599455158
409176562,.67276895,-.0091751913951786
409197004,-.2377799,-.0067470985545972
409197004,-.089391701,-.0067470985545972
409203724,-.3803699,.0057507832562596
409206347,-.99163538,-.0340206309535722
409231495,-.64187336,.0779550432572882
409254619,-.15112136,-.0111189038810712
409332974,-.015493602,.0102545411668944
409414526,.44441664,-.0469269676797971
409414526,.65799737,-.0469269676797971
409422056,-.013904743,.0346343812035927
409530126,-.2168159,-.0028686503526365
409543808,-.036415234,.0079977736445605
409584578,.57639641,.0351046949828868
409637463,-.1336727,.0095424543035281
409666208,-.39043653,.0683471936592283
409700707,-.55049205,.0789503800665836
409815726,.13812776,.0051588175489878
409841479,-.12758107,-.0256738126908362
409856528,-.37037653,.0308626330024875
409864006,-.20694003,-.0182249731706243
410040182,.04275069,.0094694018413013
410081050,.28376922,.0560831565331559
410128542,.71996391,.0043705351002479
410155724,-.28257075,.0596853844328834
410237370,.45753145,.0062640365675759
410237460,-.04242605,.0468055785140623
410284938,.75637472,.0197809964333519
410284966,-.69865,-.0158102353163639
410297059,-.2131149,-.2133140432588963
410312208,-.34899107,.017480364018233
410346208,.033989824,-.006336555528054
410346248,.037419826,-.0002673070769054
410473859,.2762216,.0546739072405839
410492895,.40200791,-.0150199605362603
410557495,.24574506,-.0825605512075734
410563724,-.5830847,-.0156050472596967
410570606,.29014975,-.0016256126991155
410638566,-.19640003,.0121641074961245
410665762,.12666038,.053580701194143
410679328,-.069316924,.1215634223433636
410692922,.31024408,.0814350549887169
410692968,.081728332,-.0002096676305682
410733726,.88228422,.0151022176664934
410767732,.091350466,.0117118739025645
410795014,.23640411,-.0065084401727301
410801702,.63824528,.0407020667094703
410828962,.051811341,-.003681034730397
410835776,.88940543,-.0190915255627298
410903804,.98115861,-.002748450370559
410944576,.81148547,-.0161985186300261
411175770,.24916855,-.0221910572361877
411264208,-.26323348,.0061521522015583
411325322,-.32028651,.0043689286995904
411474924,.51491773,-.0262127229469938
411488570,.67012078,-.0005803576808609
411522532,1.0294552,-.0261987016428373
411563330,1.355669,.1274877904678055
411611002,.64443082,.0500530803415302
411760566,.35576466,-.0095065791753483
411808210,.57877904,.1018941916746912
411848940,-.2692965,-.0128615094312238
411848970,.1428427,-.0065352469332531
411876168,.51117873,-.0079985831279067
412059762,.63230979,.0966026062041367
412059802,.63230979,.0966026062041367
412168562,.28901654,.0252442581270968
412508574,.52587718,-.0406656896546873
412542574,-.48625746,.0008498218916389
412556122,1.0855266,.0251716689114182
412562966,.61556524,.0239189261319444
412841762,.10563686,.0040677864810281
412964096,-2.9130404,-.0353096754033262
413004972,-.23926128,.0328616126465403
413018574,.77698785,.0266500689194433
413052564,.21106124,-.1210881675173591
413147774,-.013236077,-.0697624984463363
413174966,.23102246,-.0087829986906845
413304122,.03834486,.0344814017866096
413304140,.41537946,-.0015834624715754
413331286,.27894342,.022338256150223
413378924,.087113589,.0219274073551056
413406128,-.062941991,-.0143520314009382
413603364,-.065676048,.008249011996103
413698526,.67213881,-.0284988018012969
413814814,-.91079926,.0085944159620821
413814814,-.76217997,.0085944159620821
413854886,-.16573787,.0092965697985311
413861726,.18499812,.008872189289894
413895726,-.67290473,-.0314260109295792
413963728,1.0857214,.0623351474378936
413997688,-.017220337,.0039279284668594
413997688,-.51791131,.0039279284668594
414011452,-.19340582,.0249016251448224
414065768,-.084466502,-.04850182329965
414065768,-.086359881,-.04850182329965
414065780,.4124136,-.0392159227180375
414250006,-.48388571,-.0146758074747218
414256202,-.26259115,-.0490767641016873
414303852,-.37403518,.0070458647244729
414351342,-.49084517,.0211523138079814
414392180,.48554909,.0158508901769982
414412580,.28508282,-.0057792869544824
414541808,.40187755,.0690030162640433
414650542,-.23585817,-.0191373932295531
414677736,.38662934,-.0345021496219758
414677820,.42363384,.0318596134278236
414725328,-.60569829,.0594085278149265
414745888,.28787532,.0016679180915986
414752564,.72226942,.0063303745021046
414752582,.46761486,.007905646540984
415017780,.60381049,.0129438003648504
415044962,.093875483,-.0296287000330644
415059216,.54209733,-.0248841434429757
415099412,.14916453,-.0414973068859109
415187740,.5363043,-.0100614815249396
415187740,.41787851,-.0100614815249396
415371338,.65723568,.0204597688486232
415493778,-.31080896,-.0120328036973578
415582178,.4034183,.0065708525655913
415588942,.69438428,-.0069492361548651
415609378,.067895703,-.0230384042573022
415677406,-.25631592,-.0138204534712804
415704536,.62597322,.0468808440208755
415745374,.36822048,.0316917415015869
415752172,.93266565,.0422554193898553
415772562,-.43425602,-.0063898847102278
415779442,-.11149044,.0133227305204851
415895042,.056226578,.0168390126934086
416153362,-.39402676,-.016228069159593
416221370,.76107657,.0831223033860759
416289362,-.36834246,-.0045393180487888
416296136,.56137097,.0336302684009147
416493404,.2681233,.0715210152648024
416527370,.47452939,-.0108046097205699
416595334,.47620818,-.1076510476651817
416887728,-.77720386,.0079432089240811
416887762,-.17580785,-.0060591828795793
416976248,.53170413,.0665573827914774
416983606,-.37602133,.0615117326582377
417016966,.34769693,.0177401127935487
417118928,.17329438,-.0825033967604673
417186974,.41509181,.0340323263969459
417220928,.58828789,.0385885500021256
417343972,-.74369311,.0305574250294395
417424930,1.4946069,-.0845946840367643
417465770,.33292192,.002191118642675
417465774,.40547684,-.0265253635710594
417533808,.39287257,.0050018176677007
417561008,.088070288,.0047618064562895
417847206,1.019642,.0631244595818205
417847206,.98369569,.0631244595818205
417860374,-.064753547,-.0672165793885353
417996294,.57139277,-.0079260007987866
418145810,.21962385,.0022582961267683
418302208,-.2813032,-.0417633980834441
418322526,-.2174308,-.0008637899985839
418390526,2.3689091,.0416838103154894
418444928,.53398371,.0388390450638266
418445046,.20816936,-.02451356979632
418506126,-.04338773,-.0143226684616212
418506332,.11803248,-.0569944762373958
418587766,.5980981,.0293216730839197
418614972,.49401581,.051605952524088
418615012,.49401581,.051605952524088
418737406,.36444932,.0112302237335078
418805330,1.0120425,-.0377402049951153
418975406,-.41140175,-.0054581062032822
418975446,-.52187377,-.0123935430211211
419022926,-.51936543,-.012178163272552
419417368,-.16888866,.0537954470545595
419743724,1.3080543,.0532781771491478
419818564,.025173191,-.0348846914548355
419845724,.60462695,.0320861641721342
419913726,-.094588272,.0046944109699993
420185804,-.13506243,-.0106458138389354
420192564,-.16734485,.036604206567571
420247004,.11632685,.0107735601012222
420512126,.68200713,.0436363504173229
421050046,-.31384593,-.0215594574922071
421239846,-.17186633,-.000437437173232
421906164,.60570705,.0156231621600445
422409324,.54878217,.058399278589438
422864924,.66953188,.037039007110307
443829362,.54542482,.0069577736015849
443924682,.22169341,-.0136357646172263
444298562,.54928827,.0171493301262006
444536562,.42834213,.0706444569815207
444543442,-.22437483,-.0084596102633286
444904362,.57987434,-.0054251303317678
445230162,-.39304578,.0401769844785043
445706122,.28537765,-.0024444505933099
445848882,-.069883645,-.007349179786542
445856402,-2.6346371,-.0092679552776634
445856402,-.93583477,-.0092679552776634
476010895,-.3559553,-.0559562297094669
476013742,.37870345,-.0151697181369973
476054582,-.35791945,.0089480071591483
476073459,-.53621161,-.0483133542658142
476075604,-.30296147,-.0593499505348445
476095366,-.28487185,-.062902641394506
476136206,-.43837416,.0073641923605455
476170122,.28534585,.029227452738976
476178242,-.3522279,.0082758672671505
476178242,-.13340746,.0082758672671505
476241419,-.41361412,.0043109397389222
476243459,-.53098249,-.0144130910192766
476306204,-.079656281,.0246262893917038
476388975,.13724224,-.0240848178158569
476394604,.034002781,.0422656725833055
476435215,-2.4194577,-.0291695201866904
476523702,-2.2988884,.0185071781627209
476523858,-.0563173,-.0076679905603333
476530606,-1.1391886,-.0533573419787688
476598564,.41054344,-.0519420827363264
476619495,.15477316,.0018358067967718
476632427,-.61626661,-.1164621991990267
476669135,.85530102,.002701539190551
476680176,.30127352,-.0091162908674691
476714168,.46481404,.019777274653016
476714707,-.016043529,-.0219228928953076
476720964,-.34858745,-.0540709020087604
476769099,.49569139,.0641836743493084
476802532,.51409924,.0303389618232276
476897726,.59550494,.026632415609247
476911340,.53608102,.0059973452089252
476931768,-.11145236,-.0338375670076757
476938574,.18433194,-.0690633578374173
476945374,.26834089,.0216752236518335
476953375,.23315157,.0062137412781942
476965774,.39542481,.0053894576123779
476965774,.27429518,.0053894576123779
476999724,.83124119,.0494510438689624
477014571,-.04272094,.0013139660703315
477020252,.47140127,-.1218234560927532
477023411,-.31459653,-.0090198373536322
477026135,-.63830358,.1027036262652252
477027052,-.12089899,-.0457362988750274
477054130,.40708005,-.0810982386794186
477054162,-.39901531,.0041064694387988
477066259,.17571093,.0017860216040209
477067623,.14035103,-.0271950358398168
477071015,-.084458321,-.0310104879187985
477081332,.641904,.0045801957447692
477096175,.90020663,-.0602919048698714
477120659,.11014976,.0205672063850663
477149408,.26359269,-.0221426498060839
477203804,.090119675,-.0283588668976908
477217215,1.4433674,.1235965658945699
477230974,-.5506565,.0480414348628754
477251420,-.33359414,-.0550339862398622
477264924,.28451109,-.0443985232770768
477331463,.29267758,.0540058693044501
477333008,.5637989,.0662789152710588
477358655,.72535038,.0079395362149081
477360222,.24193192,-.0044465719807938
477387376,-.64063329,-.1165421504231051
477394172,-.16687375,.1081695611264247
477441806,.040466972,-.0816919677067616
477448536,.23841742,-.0327305863043997
477455380,-.3241787,-.0006135577674964
477457947,-.78643233,-.0095268050723341
477475728,-.26136941,.0274049277140594
477481059,-.39485088,-.0335470171317585
477517202,-.017768085,.0310160715036744
477536936,.54857159,-.0146247600527043
477645772,.29086137,.0211730482270566
477693330,.73336977,.0389331378992595
477703419,-.47192496,.0762147917355489
478006808,-.16791895,-.0929503946463798
478033366,-.098251976,-.0316700094939726
478037975,.37270603,.0413095814289626
478060532,.10845359,-.0925625944238147
478067324,-.48162249,.0464926614918295
478203340,.79243881,.0145985790686825
478291730,-.29644039,.0087782762502058
478339286,-.25553626,.0051012171571908
478380162,.29288909,.0588266740405877
478380168,.082371034,-.0147651986403948
478380174,.17014579,-.0436336873612391
478441362,-.25760639,.0308718437030377
478469330,-.21960209,-.0346929025706101
478488978,.99999774,.0380231774572941
478591050,-.55643535,-.0265806271843247
478594891,.0057902983,-.0066697608863544
478618138,1.178843,.0380213219856446
478640451,-1.0223691,-.0427110717632866
478673095,.18657929,-.1058357287184532
478699623,.30979624,.0348726990561179
478733615,.012467286,.0700888425962218
478733615,.089103669,.0700888425962218
478774580,-.18911491,.0245873696419408
478794982,.52763808,-.0003700882982904
478822808,.20626867,-.015502671721526
479019340,-.83860028,-.0333664080090168
479026802,.023554841,-.0526502048610339
479080534,.9867956,.0420450612179658
479155322,-.55765283,.1035022572512624
479304928,.63171303,-.0904654717809512
479366168,.52701473,.0717020543476442
479447778,.87661117,.0879241617015384
479515806,.20744585,-.0481928357197094
479529372,-.0059165955,-.2529568094899629
479536164,-.24593589,.0026382487993584
479536172,-.21047276,-.0169246593404455
479556562,.28049752,-.0484218898689903
479583734,-.10745957,-.0235857807481027
479624572,.64232832,.0157435200564016
479719854,-.41861928,.0825549338927329
479726564,-.15503399,.0325997483075911
479740170,-.049354736,-.0104338100193659
479753762,.021391872,.0096600638462262
479780972,.66503698,.0524965233424068
479787764,.82312822,.0114200808157027
479828562,.27280459,.0636534632185122
479876128,.014045175,-.235065548356269
479883012,-.14020658,-.0100205597170104
479896580,.28200912,.0090808090037532
479957766,.49044052,.0036082244922013
479971366,-.11331863,.0003809178180072
479985010,-.20641486,.0855445311988458
479985620,-.04494242,.0399597738922449
480093818,1.4721026,-.1064657338998495
480120966,.3896614,-.0530319122118713
480154966,.020123372,.0369097272305408
480161850,.0050119585,-.1244905103039983
480176046,-.69939959,-.0308889490840909
480176046,-.093126066,-.0308889490840909
480277408,-.38903645,.0064777782618065
480297808,-.42526248,-.0317961902624845
480338562,-.088100493,-.0060914351827709
480386216,.031399395,-.0227135810707108
480440524,.03892421,.021389351201911
480501768,-.15985447,-.0391748790148627
480562930,1.5264091,.0578670186823586
480596982,.14865066,-.0120347361135113
480651342,.15365331,.0059674150973983
480671822,.015721936,.0008572795405291
480685458,-.12989609,.0283975707397955
480977816,-.50309855,-.0001465312522942
481086532,-.9073419,.0187058618045439
481222540,.57369727,.0134929110881182
481236258,-.2844874,-.0020716521676275
481243012,-.44452241,-.0117256091926012
481276970,.60803765,-.0027141360193051
481290568,-1.5171784,-.0243167446330966
481324522,.22151881,.003391803715054
481344972,.31617418,-.0056779190444928
481406128,-.52195442,.0532448827359484
481413006,-.066762544,-.0065037185777478
481487770,-.097941004,.0203095680418847
481522442,-.11493885,-.0209194881421269
481569342,.25765991,.017859700402251
481650938,-.2302646,-.0012541686534412
481650978,-.14460661,-.0034710373556728
481780172,.13493742,.031528933736206
481793772,.44897968,-.0085937963921847
481842220,.016194841,-.0212679365900378
481902562,.30338815,-.0205569100563562
481922928,1.122588,.0496728959736093
481977380,.33574444,.013437882928353
482031728,.64224458,-.0070119717978791
482120210,-.58874708,.0049553367947472
482290210,.076424427,-.0126451337564252
482337772,-.20333396,.0584972512682439
482385482,-1.0060301,-.1581519605726436
482399020,-.054441594,-.0238754112948971
482473776,.36842793,.0253077224069825
482480568,.31404379,-.0538802132829967
482548528,.15485999,-.004327260201209
482759332,-.098496176,.0101412608082131
482779724,-.30477974,-.1198021384404981
482922576,.050584663,-.3591579130205113
482922578,.83408618,.0106350138519929
482949776,.43476513,-.0148546205588862
482963378,.4822166,.0072786987724164
483010966,-.79842341,-.0171792260439716
483058522,.58989072,.0876674937248318
483153774,.88599205,.0711881441995966
483174176,-.030205267,-.0324567103467258
483269378,.47762796,.0243835885284416
483337324,.71751469,.1909554931319528
483378124,.57324016,.0362866426839369
483432574,.25591558,-.0090318625217062
483500500,-.11358538,-.0485484789753758
483527882,-.76016122,.0629730244101759
483616126,.37510872,-.0137407377686706
483643402,-.38320342,-.0077060230178463
483684176,.59052861,.0420417440460446
483765766,-.45622358,-.0279378383227135
483813374,.32137918,-.0739914755504638
483826932,.28911626,.0090850904809527
483901774,.06396658,.0209366685616663
484010606,-.59074396,.0196923922003455
484037772,.15854248,.0356626358951855
484051370,.24747096,.0453016209979867
484132930,.95857632,.0447821552102764
484146646,-.26623815,-.0202803805069053
484180532,.33132058,-.3770933954877599
484187532,-.28967774,.014809347818705
484234974,-.26516083,.0300583832777409
484296096,.32203302,.0096196044657692
484323324,.99083954,-.0058523019771778
484343802,-.1983628,-.0257207482929148
484384522,.55291665,.0102317256234376
484384564,.11025593,-.1782547874477743
484411724,-.13159561,.0164122094596627
484445770,.1166389,-.0093890547467014
484507008,-.15149356,-.0040449731877758
484554564,-.251647,.030127556955309
484622528,.50201154,.035231612641504
484642926,.55489427,-.0195625247729198
484642926,.52884537,-.0195625247729198
484643012,.47767723,-.0025202167757065
484676932,.9254775,.0340678955384756
484806164,-.10977165,-.0802049290580029
484853764,-.083602108,.0129040323651758
484915014,-.43779016,-.0220678240821677
484935364,-.82880849,-.0001199657607208
484935368,.19485886,.0793911305135565
484948930,.24217986,-.0064631710392255
485057768,.72459602,.0847601063945209
485146128,.88661563,-.0784002185625152
485159808,-.19021255,-.017239606909755
485363732,-.14229847,-.0680130144594403
485424974,.91116935,.0362808458390935
485432408,.23321152,-.0471922087024434
485547370,-.53889,-.019868091604367
485554326,-.34989193,-.0226603640856378
485615328,.3590124,.022989145081699
485690172,.017101178,-.0135738581885312
486064128,.66676301,.054865281961624
486077768,.33652648,.0461531393424968
486111808,-.48092324,.0098365324129033
486138928,.52594638,.049609926422716
486159486,-.33221895,.0143337966923974
486206966,.3384867,.0451480654580418
486349806,.22154349,-.0092893200500602
486424526,.095235541,.0437462760173606
486506166,.062999777,-.0155719662058832
486546926,.58778155,.0651182040360642
486676124,.90753937,.0656737447607323
486757726,.57091039,.0117074767404183
486757726,.44887325,.0117074767404183
487023004,.25874034,-.002937900503583
487145324,.48132053,.0573821614508439
487226966,-.19944052,-.0126893366029504
487430964,.6147005,.0224762815376226
487784526,-.033816688,-.0286140740468878
488002206,-.35185441,-.0416485510516588
488403364,.073844627,.0644739756713315
488743364,-.10174607,-.0081324914980425
488940644,-.06012686,-.0389495479765741
488947324,.40954208,.0050070686829414
489824564,.14625964,.0241869699981222
511795322,.3435421,.0620279731428556
511863402,-.71114874,.0044505851916501
511978922,.1681802,.0679853282405041
512257882,-.38770112,-.0071730009306576
512332562,-.072281055,-.0301217025022009
512393762,.64967883,.042756459053594
512869762,.35190961,.0280141963766513
512924122,.40909657,-.015733973743643
512978602,-.29309666,-.0470473296551879
513481762,-.74825102,.0124943085783041
513821722,-.62512946,-.0129162945977687
514114122,-.43437767,.0411320537943704
514250122,.8820554,.0357043833800509
544012935,.12490509,.0161250843919169
544020570,.16149959,.0017610338360703
544074964,-.07080207,.0040309484469481
544075507,-.27663177,.001839096023068
544076859,.2245061,-.0319732866020436
544115738,.62508976,-.026228461249086
544128543,.58254534,.0177565668954788
544156568,.38456738,-.043645115669896
544204140,-.2024253,-.0268235309586196
544238218,.61524421,-.0089718061985983
544248899,-.080946311,-.0208693159972341
544265907,-.21760446,-.0228882337761519
544281539,.31064898,.0072714158746249
544321655,.49689654,-.0005853261224535
544333366,-.27850667,.0204118884639855
544340168,-.5480507,-.0044701553168101
544380922,-.40599746,-.0411303571362233
544496532,.51695496,.0770136838823558
544503376,.35238609,-.0129735179477135
544503376,.40421414,-.0129735179477135
544632524,-.35932517,-.0137100875628224
544659728,.46536884,.0283494403771523
544669139,.12613924,.0436488937193289
544693770,-.14018619,.0015731777915731
544703815,-.38060969,-.0346112976665837
544768566,.74640602,-.0016390651638114
544810002,.5779984,.0352589255837726
544830406,-.061932229,-.0477937101036144
544871856,.51448286,-.0546833679965493
544959002,-.23074999,-.0311879941643181
544986019,.37099546,.0102305058336078
544986019,.17424929,.0102305058336078
545006602,-.23674518,.0402321139424473
545009823,-.44385272,-.0096644756527767
545024095,.82857072,.000802859336087
545045179,-.21560107,.0114032811990802
545095006,.54758322,.0508216864880258
545111815,.71789831,.0092297368451396
545115540,-.44075629,-.0129348358327713
545115540,-.1211524,-.0129348358327713
545121339,-.066463977,.0736328514020718
545122699,.27393323,.0024986480076776
545128922,.4593606,.0034836366234984
545139019,.32438493,.0129703976177133
545149330,.44071484,-.0156509544359515
545176530,.091744766,.0687573268781348
545199547,.18181305,.0432721608623421
545213823,-.090693653,.0272202017119399
545274355,.090493731,-.070833327232834
545292214,-.16546881,-.0199494819670897
545298978,-.15573135,.0571561015989979
545332942,.33824971,.0185654560382383
545407774,-.53502637,-.0161897036096117
545434968,.68006247,.0798351708116354
545455404,-.36533728,.0024065402489782
545468976,.12905349,-.0186330430536488
545584572,-.15492241,-.1250824603196553
545585103,.085322455,.0055045983284806
545618570,-.59406424,.00475924880419
545632174,.40488505,.0141676422415747
545645730,.39989537,.0109374903962154
545645730,.26613507,.0109374903962154
545659378,.030292386,.0674904406915719
545728698,.061654948,-.003817345580046
545734172,.12504598,-.0184718407437161
545747782,-.1174117,.005566889350932
545822568,-.34665957,.0230356192247069
545856534,-.074569732,-.0227605440420926
545883724,.73714733,.0596436628537873
545883772,1.0512029,.0233376942553038
545895863,-.20536993,.0030046688284358
545917728,.67581314,.0356635045918879
545931322,.23018757,.0309332574964891
545938206,-.11426099,-.0124160860350382
545951728,.038056333,.0521302584486966
545965364,-.041971575,-.0071268672168169
545972128,.055612534,.0061052345940132
546012964,.34505516,.016502227840049
546020416,-.067866646,-.0255668832010831
546053726,-.09128046,.0182686154349528
546079459,-.35974905,-.0280874277844633
546079459,.16381726,-.0280874277844633
546081002,-.41615447,-.0275796814329363
546114968,.13731524,.0259591086595771
546162580,.33404735,-.0026880587661337
546176130,-.084919594,.0635657805929452
546182962,-.26011923,-.0036588089843197
546226339,-.21106239,.0784012125281147
546257740,.77513295,-.0196502179266816
546257740,.97268486,-.0196502179266816
546264578,.15634319,.0400088310365999
546285046,1.3253825,.0355545063726841
546305968,-.3624233,-.0462932925709505
546420966,.29720289,.0426410589000137
546502604,.56644785,-.0276959858799829
546516176,.62800711,.0398395835159988
546590922,.32054445,.0258429217274449
546670379,.23804596,.0454661509033879
546670383,.26732197,.046828378771018
546694195,.41185883,.0035964968380512
546706534,.48924056,-.0105871981846434
546713324,-.095007159,.0494272399993635
546801936,.026209388,-.0496117931020364
546808415,.71302259,.0761093684178255
546835732,.83397937,.0080164073639029
546836311,.35404071,.0273609643597575
546842574,.61058784,-.2529586317776335
546856162,.65845674,.1120783766676817
546870975,-.16502258,-.0262915969128358
546894103,-.20110543,-.0058541086790677
547012602,-.049365405,.0240254594206182
547066936,.055117983,-.0222066629636698
547209782,.84885013,.0118893975936289
547243728,.52804053,.0261109463091517
547270932,.14287099,-.0022416843222046
547305014,.46587601,.0285168589168132
547379732,.77332169,.05698845837357
547434848,-.51258552,.0218676868848637
547474974,-.039707556,-.009088467504744
547481930,-.33396843,.0069853379141522
547563332,.39517617,-.027124118512407
547597370,.59686321,.0158282932157349
547692642,-.35704282,.0342221950326455
547801374,.96999788,.0548984554580516
547848962,.016217919,-.0211320125428472
547876178,1.2872627,.0939875043720273
547889742,-.58808738,-.0225780113710862
547916926,.72226912,.0766116202549015
547924370,-.31015372,.0475656342597273
547944162,.14372408,.0356369271239402
547944170,-.018419361,.0146552808349852
547944170,-.14196481,.0146552808349852
548086930,.045856554,.0021383671409423
548324970,-.067047611,-.0585195501942663
548331728,1.0073397,.0959821930394405
548447362,.71786481,.1203027586723131
548460894,-1.0127735,.0092151309771252
548475176,-.50184232,-.0193927249448471
548475176,-.43852499,-.0193927249448471
548508532,.24099948,-.0432916523517712
548529020,.10881767,.000199758996702
548556128,.12498866,-.0520898323681525
548603734,-.65617955,.0341234669953849
548685334,-1.3609662,-.2206307840067006
548686008,.5128383,.0454995327510626
548699008,.15828496,-.0096648028261177
548780618,-.30084649,-.0383108870386273
548875772,.03727667,-.0252243786219133
548964172,.32687595,-.0183099130219112
549052542,1.5989586,-.0051450376171904
549079764,.61380374,.0605745105928443
549120578,.73662341,.0463060806202936
549147724,.84102529,.0406945707932276
549175012,-.036550656,-.0648761737059122
549270174,-.37450445,-.0646715676656788
549276924,.41717333,-.0240886953983644
549297374,-.40214276,-.0616802558133277
549365492,.1826078,-.0283597153342255
549447052,.82151794,.0235391697485152
549474250,-.22261566,.0413026978447772
549548940,.98915249,.01733217130173
549549014,-.72364694,-.0036384289265759
549596568,.5370217,-.0020673356186287
549678098,.38789809,.0044968786454014
549698534,-.44159433,.0051436297511086
549719050,-1.6026797,.0842952313519935
549746174,.16075318,-.0169887018658441
549766644,-.12133233,-.0104245205113155
549854976,.49350187,.0180956229778819
549977330,-.065739475,-.0328552005279901
550018222,-.38353381,.006124356688309
550024926,-.089520328,-.0261870400411484
550038582,.23986325,-.0097139720138236
550235780,.1180424,.0133416512037423
550242936,-1.5614967,-.0398327840386162
550256170,.56107908,.0254983958864191
550262934,.67660892,.0533257862592669
550276580,.53218532,.0081935585068915
550358164,.019472649,-.0594279374765188
550405816,-.57113355,-.0267503057100437
550487382,.033001374,.0097355464444779
550514604,.40256104,.0352876169814538
550562138,1.213443,-.0491706280738135
550609776,.48972768,.0147350937339631
550643738,1.0515537,-.006670480382662
550671138,.040675059,-.0435585194356043
550711726,.62243176,.0044127913471648
550732128,-.13858566,-.0589635240515852
550759408,.36957845,-.0105851671043533
550936210,-.3210555,-.008314499105969
551017724,.80123204,.0256376747172117
551262530,.63185769,.0371886080369459
551289780,.054456189,-.0337130208930763
551357762,-.74917424,.0272699611978282
551378122,-.43022174,-.0047617218109774
551391778,1.1456207,-.0114506780461092
551418942,.65753931,.0126893189683722
551425740,.40559152,-.0001867803005313
551425770,.29161829,.0008962435278742
551480140,.49200371,-.0058043493744375
551548122,.23268934,.1753414423152194
551602522,-.82758659,-.0491422421478779
551602562,-.82758659,-.0491422421478779
551622922,.62440664,-.0788187954516295
551636642,-.062024262,-.0136155110732808
551636682,-.089522265,-.0150270274368946
551704572,-.016092382,.0000222217156534
551724922,-.49761015,-.1307688492497583
551731734,.80553842,.0072198296209865
551752170,.10609382,.0265814312394652
551786218,.44208002,.0153161945942474
551840532,.60728961,.0080196471728552
551841170,.49427468,-.0828609611427671
551894926,.1232077,-.0321637858884104
551928936,.29196137,.0134250343699161
551942530,.84609491,.0295146920982454
551950016,-.027233066,-.0174106273056141
551956136,.48146868,-.0170355288186395
552044572,.4537189,-.0019938641252803
552134336,-1.6944575,-.0438072854067557
552134336,-.12939666,-.0438072854067557
552166924,-.31873059,-.0710725523474734
552187410,.91626102,.0334750152189489
552282526,-.020019354,.0374197142128131
552316566,.43337631,.0457556754216012
552384608,.093477219,.0436862674737206
552418602,.36176816,.0566180545328081
552445892,-.10471704,-.0466091533378365
552452574,-.045354486,-.0378272225628957
552561368,-.20026164,-.1214371557901623
552670130,.25626439,-.0079970057601097
552731362,-.050592128,.0830672624308652
552833374,.52864856,.0540879423161827
552935328,.85690546,.0716986494957474
552942164,.23300079,-.0216718572746064
552955724,.58279628,.0324251928919381
552962564,-.034692269,-.0435159396819665
553010124,.89615488,.0174167780244853
553030530,.41250053,.0295417238134111
553058412,.46244097,.0314520398320943
553084962,.51127952,-.0059416521302234
553214172,-.35409331,-.0023714628132287
553234568,.14956467,.009063561121992
553384172,-.091903277,.0758366968316749
553412006,.61731559,.0242587256100678
553472648,-.8963058,-.0179283266807387
553473212,.19391911,.0034229781951565
553499770,-.29989973,-.0009992716041095
553561044,-.13202395,.0042655488282964
553594926,.29938897,.0089145042742269
553642532,.40152788,.0258376207193491
553690130,.87501734,.057789536852592
553853330,.44153425,-.0244295595109404
553887328,.17758463,-.0254573907613559
554138930,-.46394312,.042912903933693
554363366,.17109615,.029398585795459
554424524,1.456476,-.0011474984471484
554594566,.33220637,.0079007520507239
554628566,.59282982,.0803976473153225
554764572,.5990122,.0328259386712389
554880126,.040690616,-.0064086438968588
554927768,.43862063,.0346293269167951
555403766,.65445393,.0225895539655251
555437726,.14953265,.0069546632524883
555451446,.098121271,-.0010383566624619
555499046,-.62279707,.0560998855921157
555594164,1.0029571,.0708410723044233
555600964,.66808248,.0446240387554631
555730124,.67389947,.0482881880342254
555750564,.18992612,.012917298858193
555886524,.64486349,.0050622650481654
555927366,.026137637,-.0197731225493515
556145004,-.19371891,.0235232366699182
556172124,.19716755,.0190117831279181
557525324,1.1644945,.0851637060866988
558320924,.52105612,.0247860741264081
579176602,.24761975,-.0056528225761231
579536922,1.4053977,.1217002281229087
579536962,1.4053977,.1217002281229087
579625322,.34464633,-.2228477036362366
579693402,1.621295,.0279826818204716
579734122,.06391979,-.0153353046787046
579910962,.34312186,.0039615020921363
579917722,1.076959,.0871795941152996
580189722,.97091973,.0651094728085294
580264562,.40666741,-.0099561582689375
580366522,.48597002,.0747883343896528
581026202,-.14578037,-.0025184916772184
581087402,-.1046591,-.0028013517041286
581848882,-.13772422,-.0219063688129858
581910122,.47236931,.0404311691859615
612029935,.4586021,.0506931944491915
612030631,-.022431502,-.0153132098894055
612040815,.8152374,-.0047344204121025
612089107,-.077996656,-.0042991862033339
612098611,.11385808,.0060506965655516
612108938,.31623396,-.0080265261299215
612115976,-.20203274,-.042722325602653
612129378,-.55726558,.0378281996461989
612165939,-.51151991,-.0706638037395073
612170288,-.27917305,-.0143843684933825
612180895,-.92997372,.0405155120743114
612183762,.049799968,.0473782550360522
612217776,.95406187,.0167236330269121
612222379,-.39091536,-.0669849101886273
612224610,1.1040678,-.0494521957117141
612231362,.22510704,-.0063939190088064
612238096,-1.769672,-.0221118673887818
612249579,-.33984721,.0053404447865053
612250255,.020783616,-.025993759068966
612292415,.9240734,-.0388547793693544
612303295,-.60907894,-.0477889952782467
612303295,-.56466818,-.0477889952782467
612305335,-1.0303982,.0189402886272753
612305335,-1.2586951,.0189402886272753
612306162,-.12331887,.0064696509731843
612314179,.25206169,-.0167868812702771
612345471,.17101941,-.0315166813548206
612347608,.034133244,.049594427547068
612374168,.0151095,-.0027029517914128
612408699,.36433557,.0696344651992545
612414924,.53514439,.0254931187228261
612414924,.42056715,.0254931187228261
612421627,-2.0074909,.0929725036907541
612425015,-.34562802,-.0311553437019888
612510703,.23068929,-.0949567131880646
612523623,-.30937394,-.0124874981275244
612537372,.78398603,.0101903389820631
612616775,-.31322438,-.0004304706330806
612618972,.16568251,-.0699299278108379
612665055,.32202622,.0161463662836645
612680122,.17917632,.0227966251622908
612734578,.69540375,.0184221823211418
612741340,.33731645,.0093810189677678
612745983,.24617724,-.1172304918312786
612760259,-.047503535,-.003216075103714
612772495,.95015007,.0531684812927608
612788962,.17987879,.0207623459604396
612807179,-.4013657,.0387670075674156
612850126,.23141421,-.0941564712188376
612902379,.11029263,-.1357506735244501
612918130,1.0401313,.0160071542439942
612918130,1.1100842,.0160071542439942
612924815,1.2615373,.1050186716759162
612960859,.27508116,.0468733256334648
612972419,.52600151,.0102034813827647
612985343,.086192377,-.0148100088071661
613040602,-.16513041,-.063763899338615
613115408,-.89664596,-.073773389115977
613115408,.19212011,-.073773389115977
613115448,-.89664596,-.073773389115977
613115448,.19212011,-.073773389115977
613137655,.47795573,.0318395832306053
613155335,-.042930834,-.0223549942681218
613254623,.016413953,-.0061854207781619
613263467,-.66413981,-.0721714139565928
613305842,-.11832299,.0386880656703115
613319382,.31416073,.0152029767359175
613331455,.38047436,.0596846608327886
613333048,-.64664769,.037432943507323
613387374,.30867809,.010350300833645
613407732,.075080656,-.0169040685457941
613468926,.22227065,-.1481509418965444
613475804,-.63989294,-.0225674951542649
613584568,-.45571485,-.0015497160933323
613686522,.31609964,.0673797246689887
613727334,.36156613,.0241395670186964
613734122,.47965658,.0457743732598613
613747766,.35735875,.0419257101008836
613768182,-.0098782871,.0306493430176376
613822562,.18920869,.0684989082150168
613834655,-.49578252,-.1322439800737138
613860495,-.0018626909,.1776595213075541
613882939,-.37041247,-.0801287468583579
613944964,-.43665043,-.0413846212347438
613958538,.22713916,.0153964085707242
613958578,.22713916,.0153964085707242
613972082,.092791617,-.0257307491811575
613972082,.11049774,-.0257307491811575
613972168,-.35062987,-.0261691065732848
614012922,.57225835,.0270529825215612
614060532,-.056277994,.0120102646083323
614087736,-2.3838284,.0200024585458095
614142210,-.62566143,.0073835508164323
614263743,.00082308357,-.0781647710881212
614264570,.22890887,.0090905397746751
614325742,.79905909,.0070059177391021
614427762,-.27764425,-.0091466161941641
614427802,-.30514225,-.0092280399687333
614435250,.3950865,.0114198444204423
614454922,.14597909,.062627226512864
614526899,-1.0492198,.0077094744323725
614536616,.43088388,.0678271694891366
614568379,-.14538117,-.0263809079696812
614584015,-.11332901,-.0686451797159007
614597766,.013310385,.0067276804970512
614602383,.037374225,.0543352534039119
614615303,-.17519598,.0048144406410455
614618142,.96626419,.0100249240532577
614634335,.61219698,.0432871704396229
614646579,.99236244,-.0208126191510841
614658978,-.23658912,-.0078617054849699
614733766,-.12346363,-.0200173333250358
614781366,-.014042098,.0527338485604725
614808614,-.042886183,-.0035622524140332
615115202,.32272172,.0007012099355661
615182578,1.0091882,.0340015964740413
615182618,.92353016,.0244394323608928
615379764,.034302559,-.0072545798568736
615386568,.50937933,.0801754896028867
615386568,.38562557,.0801754896028867
615386576,.65300977,.0563612830225417
615474976,-.2197993,-.0017557509294149
615474976,-.10321426,-.0017557509294149
615495402,-.047347851,-.0134673560787334
615583778,.87316692,.0081431653979157
615746932,2.6716299,-.1616897875584057
616086932,1.0402001,.0336866829946033
616134566,-.045086492,.0313806937079576
616169256,.20480309,.0116513574073926
616229770,-.0041733594,.0628944031836897
616304524,.33344868,.0147425465391907
616324972,.77446359,-.0191434616350842
616413340,.7005744,-.0321203548999456
616413340,.73570752,-.0321203548999456
616426930,.16991809,-.031649548253567
616467776,.31113884,.0277831254778792
616467816,.31113884,.0277831254778792
616481338,.85932505,.0236522418262558
616528970,-.26130202,-.039772358881826
616630928,.15705608,.0689059170836986
616739764,-.035189126,-.0272566841816536
616753404,.18452191,.0019312822172815
616780580,.441719,-.0299724961385909
616821366,.17822847,.0442406944866109
616868934,.38885644,-.0430590495397682
616896258,-.73745972,.0184175436003813
616977726,.65074563,-.0299180406410472
617011772,.0024984723,-.0452511526450048
617011772,.37437415,-.0452511526450048
617113812,-.13344014,-.0447656580092018
617113812,-.26784855,-.0447656580092018
617120542,-.074826151,.0156093762483374
617127410,.25776222,.0322511504684845
617175020,-.23133892,.0151099144702217
617175060,-.23133892,.0151099144702217
617283778,-.339542,.0220746399549632
617453724,.53333974,-.0064182612090954
617460522,.7731868,.0421751267138928
617501324,.12022179,-.0564391024882705
617610138,-1.2251487,.0023446053376177
617644136,.097071543,.0341301067985595
617644140,-.27068138,-.0757418377331685
617746164,.41720721,.1054287248560312
617746176,.44546664,-.0147156076024786
617807382,.68305159,.000261768358129
617861842,.33911663,-.0824369536641517
617868540,1.002012,.0592674489401883
617868540,.30278435,.0592674489401883
617868606,.61556739,-.0360488728608008
617882162,.42537114,-.0132398232344649
617895848,-.31470662,-.0217363361787969
617923014,-.30258596,.0167113588062328
617956926,.60554236,.0251333933108344
618038652,-.80920583,-.007268632453244
618052138,.37672254,.0211196136779842
618072644,.01308037,-.0010624389005068
618079692,.5136317,.0256990110175964
618140524,.064284734,.0155437061519682
618174602,.2682488,.0155009710388384
618276850,-.32383439,.0275779878302233
618358132,.53689104,.0196912105299116
618412576,-.11235151,-.0479705763851968
618426204,1.0006464,.1603171265455645
618460122,.49295828,.0528631009068038
618494166,.50321442,.0324190575608145
618514650,-.30329895,-.0459877840675775
618575844,.40539101,.0480749374588927
618582524,1.034974,.0683154275668265
618596162,.14739673,-.0446525970326046
618602924,.66249847,-.0071267023427384
618623322,.1917292,.0083446827401861
618643774,-1.2494831,.0548087795437537
618657340,-.22214207,.0397492722968929
618671042,-.75931662,.0047163039620641
618704962,.29289281,.052427754161883
618718500,.01814067,-.014803685825922
618745778,.032918077,.0637988276077897
618759380,.35934648,-.0231444905639233
618779780,.51167494,-.0124918922610647
618820528,-.15561596,-.0234021889624568
618820528,.11807079,-.0234021889624568
618827332,-.058770146,.0015622967817482
618841008,-.83490193,.0086616655508142
618868126,1.1743639,.0230394783828378
618875020,.34470269,-.0263698440404127
618881732,.20308909,.0077726600368899
618895364,.37825882,.0702933096003683
618895568,-.24579845,.0939341418429418
618902168,1.578652,.1149786803558817
619004206,-.3080824,-.0229292443445501
619017764,-.1451367,-.0162815200345039
619031338,.53983742,-.0483947917696301
619085698,.35534254,-.0031302677771539
619092570,.76510668,-.1035666772982503
619133402,-.42831263,-.0079251410147433
619167368,.33864924,-.0601863332659948
619194604,-.75247788,-.0151130596480216
619221782,.95352018,.0058192950941914
619385602,-.23930553,-.0283431991761963
619391936,-.51020992,-.044102185379204
619405342,-.29613239,-.0061525063112397
619439374,.22929852,.0379452307167469
619480134,.5960601,.0304012908170619
619534578,.18496647,.0472176759426984
619684162,-1.3755808,-.0466592994892607
619697738,.67058039,-.0005020413347157
619704722,.23872845,-.0070077718748496
619799728,.14956206,-.0018612986051253
619833742,-.29352224,.0221241914196638
619997062,.37244928,.003486260691541
620024220,.39628151,.0120609030073341
620030962,.6333918,-.0963055962362463
620194180,-.50588912,.0101606431753172
620262180,.21192665,-.0162454203491116
620438884,-.69675159,.0065423874186332
620459452,-.18466559,.0427675342241221
620472932,.4964757,.0594037216216546
620569498,.4195106,.1000515559176927
620581884,-.55542827,.1011152164611953
620588574,-.20467022,.0340706960921887
620588652,-.22875682,-.1137665226448685
620683842,.36726341,.0193818690327965
620717892,-.25553656,-.0091864276855434
620772176,.0093813194,.0074335760720573
620908242,-1.1916305,.0056060044537876
620921770,4.6344633,.0243688833315972
620989802,-.66474277,-.0533863568215418
621010174,.036724366,-.000414592211137
621010776,-.16067953,-.0023696444612054
621057814,-.62887436,-.0300602981407208
621098536,.13232593,-.0110139312440999
621207324,-.048353165,-.0204762717779842
621248284,.23901114,.06021033006687
621268574,.23552498,.0259854282545246
621438570,.36501837,-.0250619251317278
621445372,.39121854,.0126278566029283
621506572,.33207461,.0309685437166648
621669808,.072651081,.0079073758670669
621683404,-.038179778,-.1267614366511836
621683408,-.21800086,-.0987698734233179
621703764,-.0083847335,.0650566776437375
621717694,.62116158,.0012397905191567
621758168,-.24875382,.0022836126321233
621839724,-.1618634,-.0471973332546107
622023330,.093712062,.0590023909148356
622070974,.24583955,.0148045492856701
622194008,-.41921613,-.0013130339459891
622261330,.79688156,.0367889160649301
622478970,.19066197,.0413402542024519
622635328,.28619409,-.0110318373819026
622655808,-.32933342,-.0041156744034776
622703328,.43762991,.0597760233539726
622798530,.020996938,-.0123941335702224
623009364,.038128976,.0566015441539156
623247368,-.00044578451,.0093190133813571
623492848,-.28720856,-.0022649758017458
623784526,-.1110516,-.0065635848289221
623798166,.012966649,-.0115047110239619
623852606,-1.3286889,.0623842402364921
623852646,-1.2182168,-.0136692257914179
624308164,-.23716649,-.1025843027102121
624403326,.79250568,.1007222787094774
624403326,.27252808,.1007222787094774
624416966,.73271078,.0144771490029396
624423846,-.0054702996,.016963657933575
624437284,.17931916,-.0174847442112104
624437284,.433938,-.0174847442112104
624464684,.13686699,-.033475465115112
625117326,.96373403,.0393321925338301
625341726,.018558135,.0274875597451015
625362126,.26768169,-.0145133312517535
625545724,.32569677,.0054378995960411
625641004,.19786005,.0101884776462841
625987726,.10248991,.0095527072746603
626871764,.77566409,.0352454335441127
627245764,.64680856,.0865258563878905
647584562,.57971722,-.0225036618178243
647958562,-.057738867,.0139825597946699
647999362,-.25936827,.0158722414971366
648155762,.5367409,-.0191975397526546
648414162,.41900846,.008708289867377
648495722,.20339897,-.0064231314306095
648720802,.089053527,-.0020721401940269
649413802,-.33909884,.021339297493648
649659162,.46458066,.0544214953050988
680030619,-.11857848,-.0319837830707504
680115776,.57581288,.0110093659377118
680184295,-.071608126,.000555126193028
680217615,.46977249,.0001749932503813
680217615,.097499281,.0001749932503813
680244922,1.0518996,.1043522819675
680278930,.021400828,.0133510938736978
680288355,-.31930521,-.0267501937064249
680319808,-.38385901,-.0154932534337456
680413459,.71909106,.0567410435794431
680421742,.82641864,.0050040663787416
680428488,.50811303,.0102596857217221
680537372,-.11150166,-.0372010726167061
680550964,.12698105,-.0695281677846674
680564534,-.23979171,.0538931323478232
680598526,-.069066264,-.0131942991666535
680616783,-.14887562,-.0336942482456551
680659804,-.020132015,-.0198499982178921
680722179,.3549059,-.0163651803929341
680734564,.69407594,.0121736589893346
680735095,.76556897,-.0082405884320032
680740531,.13599533,-.0302974013558556
680772495,1.859013,.0644673869168831
680802532,.53885466,.0630320051967983
680809362,.46607414,-.0036762015547128
680842535,.48506898,.0419799589290951
680898450,.16790995,.0176656164254997
680902375,1.0422918,-.0096008592561718
680904570,.31434429,-.0557270000087499
680904602,.21237484,-.001810769825673
680918126,1.1091176,.0652787106186687
680947263,-.201682,.0606307387095825
680962891,-.39446449,.0186987388095412
681013328,-.58863252,-.0424164279857888
681041779,.20626587,-.0712925766452787
681054176,.51295149,.0700288069272264
681061018,-.35045207,-.006353546762147
681095578,-.82780945,.0496149615333476
681098219,-.029715896,.0441829877100358
681108570,.3844102,-.0536134712122495
681115330,.63723332,.0021172749953764
681140375,-.49436387,.0553343792346081
681147859,.91214556,.1464759395611767
681149328,-.53633559,.0236840161020772
681149328,-.49765399,.0236840161020772
681190166,1.3097577,-.0040240644371076
681194095,.59743136,-.0244014666320931
681210576,-.11005559,.0160173652765302
681217414,.24863207,.0146759377047644
681217454,.29607406,.004503549184901
681232867,-.5213725,-.0113693268234303
681278532,.34568602,-.0302638064894983
681319336,-.39418104,-.0339002590707453
681346532,.057643924,.0029521400828823
681400938,.50775236,.0206293723782553
681419859,-.19788389,-.0824604602152183
681455294,.41875443,-.0286620124579841
681455368,-.34971899,.0302979043513001
681537004,-.088416398,-.1673019645973185
681543778,.38664341,.0019266758578927
681591324,.0083967708,.0522403233590856
681598178,.79173547,.0097022563985829
681666126,.45765993,.077600893906362
681670103,-.59977818,.0075744189073961
681672139,-.041708421,-.0152822705199947
681672972,.0076649631,.006811916567982
681747742,.92594099,.0110403943663567
681815802,.64973855,.0068624918207704
681822522,-.085699715,-.0021439574494661
681859135,.26865515,.0024644351426959
681917782,-.81202561,-.0495242417264944
681924578,.070583344,-.0269255868507744
681938172,.71389782,.0351092319547846
681958606,-.47108516,-.0904852576639819
682012819,-.64953953,.0660064720300954
682155724,-.21643229,-.025852342673604
682258975,-.45102438,.0714877889047017
682264528,.80049521,.045004372560242
682380172,-.044811834,.0414658349339521
682420930,.41444504,-.0310593660172341
682489042,.12313907,.0198660320172412
682509215,.80954039,.0099781864713467
682523604,-.43177667,-.0189702040621399
682584168,.51303875,.0485237057817087
682638604,-.44223851,.0132073530334309
682774604,-.13201901,.0252290932353594
682775166,.20255829,.0974360590662778
682794928,.13561802,.0369013514899192
682896972,.56588137,.0795574862890081
682937740,.41757494,.0188568633450807
682944564,-.11452939,-.0298894083283539
682944578,.051342927,-.048054943411139
683046572,.96858931,.0167116829303998
683060126,.34987816,.0425278181282205
683291408,-.22534992,.0390154047328081
683291414,.88386422,.0480901109819283
683298204,.16432773,-.0146222094890635
683610928,1.1305639,-.0120931530209963
683658538,.25631773,-.005469705235067
683658538,.058527444,-.005469705235067
683672140,-.32227713,-.0158516672222235
683753724,.66621858,.0706998520378837
683801322,1.2518867,-.0354729442591931
683801322,.42983496,-.0354729442591931
683835328,.1538683,.0964645150545092
683876122,.13687152,.0009331652937013
683876122,.28290126,.0009331652937013
683903338,-.2612406,.0232851343895341
683903408,.336133,.0244204501777055
683930530,.68891072,-.1238519183336956
684032568,.8849107,.0813760297349903
684046168,.37577078,.0394249262784555
684066538,.86156613,-.0083748621012191
684066578,.81190217,-.0175700589706266
684161766,-.017358873,-.0394392346552363
684168658,-.34331211,-.0204342399214092
684188968,-.24061726,.0110533623385815
684195810,1.4364928,.115844261950275
684290926,-.095775858,.0052629739462522
684318122,.97400284,.0373053117472724
684318134,-.54014295,.0342306130528487
684386166,.45210132,.0436859621070923
684406606,-1.3951733,.0165971254689775
684474578,-.2562983,-.2706682742042145
684542616,-1.1640801,.0089852325815158
684549340,.65167171,-.0340572530396472
684576528,-.10777877,.0755067339094922
684603856,-.10263667,-.0048469018532928
684664930,.53664923,.0467911431721959
684732964,-.36398381,.0167861414932395
684821322,1.0296032,.0070429670708246
684868968,.30836076,.0022503261363095
684889412,-.27651975,.0000267297437716
684923378,-.1753262,.0308638594019743
684964134,-.025085695,-.0265233959390352
684964164,.7574513,-.0133839222814565
684984612,.29386368,.0110606228841971
685134124,.56959152,.031248864621369
685236126,.78403831,.2041600854000263
685283764,-.29930201,.0357176895868953
685311010,-.98516738,-.0510578972273328
685358612,1.1535432,.0509626129028142
685358614,-.064341001,.0104806273378464
685474202,.2772496,-.0356850346621421
685474204,.44126636,.0177739211211627
685474242,.2772496,-.0356850346621421
685583048,.2530092,.0170395910697845
685603328,-.44274899,-.0662104879210952
685603368,-.44274899,-.0662104879210952
685800570,-.0074297106,-.0301452489062237
685854966,.65152383,.0486498506277799
686038522,.38668653,-.0035442748049417
686045334,-.0058752876,-.0446791038990192
686072648,.36269793,.0310428312406279
686079380,-.080267407,-.0283109812434248
686140564,.60135406,.0536582596113062
686160924,1.2877513,-.0007725145934396
686256122,.092382468,-.0188150127000892
686317340,-.75877047,.0063829543337837
686337762,.064214334,.0047410669180553
686385368,.43262061,.033371324169241
686528176,-.027426526,.0422341443097543
686738978,.17332587,.0006299482711381
686813698,.83394939,.0297228045068555
686908934,-.35548291,.0381914430246815
686922498,-.20335172,.0001326204967429
686956576,.14051874,-.0038847141711069
686990612,.28835914,.0074236940636471
687004176,-.42858842,-.1793614447925934
687004176,-.46972519,-.1793614447925934
687017762,.15454082,.0478900610834372
687201446,.34440547,.0450991492248921
687221778,.99602169,.0521069546285689
687269418,-.19692987,-.2453778539443509
687310170,-.18277428,-.0017940492588634
687337366,.69136614,.0202279470167392
687371378,-.50987226,.0320087325240127
687398652,.11100462,.0174091630712525
687439374,.22042778,.0075377425299429
687459736,.85687155,.043344931665831
687500568,.48833999,-.0202216737679855
687507446,.049041916,.0293683324129616
687595772,.49332917,.0275801703675677
687609458,-.76484549,.1402718751372722
687765726,.35922319,-.0068221074525876
687772602,.57269794,.0255029179635678
687786162,-3.262336,-.0394285763639866
687793006,-.098633297,-.0150011152200063
687820210,.512411,.0336560915151768
687847332,.078211658,-.0549607713595328
687847332,.0014716511,-.0549607713595328
687847402,-.47824642,-.0002824674970966
687928930,1.7574399,.0058579978243808
687956130,.29921952,.0285378846888354
687983366,-.015175191,.0384632753517328
688003770,.32274863,.0505221669850621
688099654,.95026934,-.0121279240713302
688228808,.38358977,.0131411259142119
688337010,-.38799137,-.022313112855233
688445688,.0746774,.0065865031007177
688534174,.51809269,.0163965557872806
688746294,.31640756,-.0534261291920227
688928568,.29948321,.0171434724651783
689030604,.85715169,.0753312422770419
689438528,.038955312,-.0036700163521963
689506644,.43144915,-.0679209860079951
689778530,.46508178,-.0133382245254507
689785406,-.20209838,.0302040549520124
689968964,.41286913,-.0396673414515207
690111806,.41616985,.0561823472076148
690138964,.16772245,-.1082969799955225
690478926,.25320774,.0692732487877076
690485846,-.21480815,-.0463706214145681
690553726,.70752853,.0485556232389694
690934524,.30243114,.0713539200610664
691111324,.94316328,.0944978534007109
691172564,.10390327,.0103202176474499
691308564,1.1960067,-.0090598741561359
691322164,-.17973246,.0603344030786975
691369804,-.31380749,-.0464496813719605
691886524,-.020924229,-.0310274400325257
691961326,-.089965589,.0247831104710783
692022566,-.063477345,.0346678594530841
692097284,-.28313258,-.1744909986199561
692213084,-.76565951,-.0006894367332496
692478124,-.35186109,.0919179298564127
692491806,.94374275,.0426933827021686
692709326,-.47120804,-.0720273994540922
692913324,-.99774587,-.0030175417899417
714463162,.31416491,.0283410720227855
715013362,.36236197,-.0223670968301537
715013362,.067931011,-.0223670968301537
715781762,.26198292,.0122591829268499
715904162,.46649569,.0112913143970485
716114922,.39698216,.1210195464150035
716550802,.29694831,-.0063378066659167
716686802,.76428038,.0647310130312361
717617762,.31131977,-.0411672905609426
717644962,.83439863,.0874859147918514
717869322,.092230938,.0143228255829055
718386202,-.77319956,-.044853937141627
748011591,-.10692895,.0158330444333278
748035375,-.49268481,-.0350074455424227
748046943,-.29732868,-.0033490913165898
748068134,.060555644,-.00074131258512
748068699,.81707346,.0710964635496133
748070059,.060219087,-.0296098912395143
748102084,-.63508034,-.0241750443526101
748103387,-.32736474,.0308377931463772
748129410,-.19319041,-.0456439917524369
748129456,-.54784971,.0051875884092882
748173415,1.4211694,-.0046767096602696
748224622,-.20799403,-.0063802685309209
748252482,-.29935223,.0020665177112154
748279014,-.11034375,.0413528595091961
748306168,.78143263,.0525457089019829
748324375,1.0442938,-.0015715949308094
748360574,.13551308,-.0072819471884131
748414928,.43402532,-.0081908833025918
748429282,-.42643261,-.0062026383680702
748442174,.017201712,-.0056670087237767
748448962,.24401474,.0019561664953689
748510126,-.16609864,-.0035558253546603
748510218,-.23339979,-.0091941201959031
748530572,.5210247,-.0328266809160404
748550974,-1.0084471,.0124049568363445
748571895,.50805098,.0028565326157823
748584924,.29988253,-.0439325269796821
748654171,.062985472,.024571311320045
748675255,.16154134,.1411586459566182
748680180,-.38468614,.0014198418964102
748681375,.14674184,.0418823033090203
748686926,.51533294,-.0197001564559303
748693848,.4241614,.0108360137587257
748735775,.4730899,.0299833392098099
748805815,.44038409,-.0308376418529854
748931782,.52963585,.0019242394522306
748939775,-.63282597,-.0076682498085952
748945302,-.077313155,-.0393298301907218
748946583,-.073470742,-.0378160806038404
748959010,-.30327946,-.0377449323524118
748986162,-.072504066,-.0036403050803068
748990779,-.0098514101,.0580205581455909
749049263,-.14232412,-.0457420428185201
749051975,-.4947041,-.0278077516141404
749058775,-.52667642,-.0144994558402946
749102971,.43256301,.0742665268205811
749162980,.028096963,-.009169571863964
749162980,.35763383,-.009169571863964
749182539,-.69032395,.0713838111277322
749211206,-.47631863,-.0065266016467622
749244656,-.41869918,-.0356330097602587
749264934,1.3118107,.0051281362115576
749315147,.55436486,-.0336349976964179
749434938,.47899762,-.0079202332650248
749441774,.25133583,.0098121637778974
749475742,.46210888,-.0010355855834455
749475818,.46351039,.04174158312327
749482540,.15386403,-.0082094357816723
749503020,.32668409,-.002664381459004
749509734,-.3786639,-.0195555981301524
749516566,.32510993,.0455057942328636
749530130,.59102923,.0130107560356018
749530138,.5413745,.0018192267047179
749543766,-.65242559,-.1674652650805548
749591452,.60711712,-.1292055310070271
749598162,-.63793814,-.0313886225125789
749713730,.25161424,.036471725252356
749748979,.14534056,.039813776198457
749761364,.18785624,.0064016332876201
749775568,-.43012202,-.0551106461838274
749931416,-.29886076,.0070541280080179
749938172,.67874086,.0219008228277438
750012962,-.18587023,-.0583317127929208
750040204,-.43075418,-.0364859253608415
750060528,.62449282,.0340688574754995
750125015,.23319814,.0544066012954969
750162528,.7369765,.0018429954014084
750172623,-.047295131,-.0496199727592928
750189772,.06364613,.000434440629238
750203328,.21275105,.0215346643803678
750210174,.0036274132,.2767528050613073
750223724,.54849452,-.0111676823328992
750223724,.54320228,-.0111676823328992
750237368,-.17535184,-.0100295863934376
750244208,-.1635868,.0219383532906989
750271382,.10825559,-.0001780074836222
750407330,.084153324,-.0058116629597452
750427858,.44554549,-.0182626927115935
750461738,-.061154902,.0131671152737651
750468562,-.16869523,.0084218276716092
750536616,.0024813856,-.0197068902304614
750631724,-.1771099,.0024941540069082
750652176,.72809672,.0192199154350417
750662899,-.39808133,-.0424286049347232
750672524,-.069731951,.0183055401286428
750679380,.32799706,.0064432751420086
750686174,.28394815,.0027352142875523
750699808,-.593104,.0118179291822326
750739051,.11445396,-.0004014351175792
750743135,.66892046,-.0051636931554523
750774610,.20169961,.0142374587917513
750794934,.34146848,.0035195065362214
750794934,.049923386,.0035195065362214
750835722,.073466465,-.1405753521753721
750849482,.40716001,.0325545437113189
750917462,.31520367,-.0306651994634348
750924180,3.2984533,.0772081417219222
750985322,.18744764,.0123400050026842
751039966,.48328188,.0120626278927947
751053376,.6641677,.0279828880937375
751053404,-.50384086,-.0192640282084074
751094130,.80439413,.0178334901475699
751168972,.24443918,.0110970838041604
751359332,.55110812,.0279433481099573
751407052,.11303682,-.0425113782858645
751481732,.90237153,.0447815145410119
751508940,.93211591,-.0051625241760492
751542922,.41429228,.0533039016851573
751549802,-.66505212,.0189602163924025
751570134,1.1130714,.2641243454951757
751570242,.41023922,-.0241899197892735
751590576,.21659522,.043281660283931
751590602,-.085822634,-.0660815471419682
751821766,-.027581312,.1263527750777891
751835378,.79310739,-.0084956108735534
751855762,.25357646,-.0044609776597463
751855808,.026162891,-.0847304523527879
751855862,-.015376983,.0215803643650236
751924404,-.72572905,-.0970336153630246
751978164,-.25862035,.014641424191439
752012134,.45928675,.044207586828424
752025736,.16670863,.0013953599828414
752046206,.28231233,.0052851846341381
752066574,-.27248982,-.0665164257097506
752202572,1.0884538,.0447124605536736
752297818,.1387759,.017296883070046
752338530,-.50150776,-.0695912315374949
752365736,.2855314,.0188692315251134
752426924,.67082542,.0646738149721245
752481368,-.017425172,.1053667899482933
752528888,-1.5524925,.0051396125800579
752576658,1.8205274,.0498836060613216
752692164,-.35425705,-.0435000306249193
752766932,.90632099,.0131028702698382
752794134,-.74704778,-.0396358081974357
752835010,.44471517,.0212031008028332
752936922,.13733326,.0109854425674856
752943802,.13552086,-.3195200482581187
753113762,.40457582,.0833150106079229
753127380,-.32419425,.0048081673150834
753154574,-.21912771,.0205838447742231
753215812,-.4337914,-.0876517728263841
753236122,.50533134,.0887210099447063
753249768,.08694496,-.084610635505999
753263324,1.1484569,.0568218712761266
753297336,-.34495395,-.0021390964397087
753310936,-.038033292,-.0016346842867223
753399414,.33067605,-.0212078175123372
753406172,.27877143,.0531583965795212
753406172,.29825893,.0531583965795212
753460562,-.5331431,-.0208440247699132
753460572,.31953621,-.1404308242006034
753460606,-.15731418,.0593424345002846
753474180,.21946748,-.0023068928479282
753474180,.14322071,-.0023068928479282
753542122,.58682352,-.1405743574385124
753548938,-.0035279179,.0201450966104309
753562582,2.1719673,.0408640905621091
753582924,-.37593639,.032657207163269
753582964,-.37593639,.032657207163269
753678162,-.02323124,-.100307306351368
753684898,1.360831,.0145949019598731
753936570,-.13277292,-.1554884558719611
754024924,1.4367886,.0903921402813643
754106610,-.0011732359,.0429297926343281
754140620,-.37567306,-.0040934378299055
754174526,.60423672,.3164646348777722
754174566,.60423672,.3164646348777722
754243172,-.57796043,-.0332561869257825
754256242,-.085646078,-.0018479270446683
754262962,.40439722,.0270974818356911
754317340,.63040817,.0028649460646286
754344536,-.45528686,-.0204994917655225
754473734,.23374568,.0149728293246353
754514490,.037306756,-.0295957681618313
754541736,1.3593001,.1090287464173338
754541770,.74571252,.0403497817392626
754548612,.016075125,-.035506821473823
754868134,.60772848,.0048011065166409
754874942,-2.0014639,-.0045529322788236
754881808,-.12097155,.0819796564504981
754902370,-.025802827,-.1036156741917398
754936168,.26577863,-.0196172352365199
754990578,.28279731,.0061214848097952
755038174,-.08252871,-.0000846107151823
755161326,-.34052566,-.0380655980522119
755201682,-.19142568,-.0619341015010653
755201682,-.23787294,-.0619341015010653
755214924,-.35083982,-.1360817678119428
755228526,-3.4200158,-.0333629417285941
755323732,-.13426904,-.0431039750215471
755357742,.88544863,-.014239847917575
755425726,.85122067,.0514997452775095
755514178,.14495745,.0337721295991076
755520978,-1.030009,-.0658000515739187
755534536,.26342371,.0094692255522462
755554930,.33643797,-.0073324281320994
755588898,-.21405689,-.0235503659701822
755595780,.41040319,.0068898207285288
755623126,-.63823855,.0032190564518791
755629722,.401858,-.0827965559327535
755643366,.69151515,-.0114755578098378
755650206,-1.0987867,.062058163836058
755670562,-1.1152663,.019866568637185
755670562,-.74987262,.019866568637185
755684168,-.012280849,.0412020035217639
755718178,.35520455,.036811698715558
755752122,.29895228,-.0008570618766607
755786766,-1.1272349,-.038841009360004
755786806,-1.2377069,-.0387005352550997
755792974,.25383466,-.0019078869733796
755901762,-.6724751,.0816655628216269
755983372,-.34152263,-.00061419420641
756262164,.63507724,.0137662070777561
756262170,.35999957,-.0208893576365161
756289492,.38284487,-.1698324734789912
756330122,-.011735371,.021752433318872
756404936,.52142549,.0059354189756725
756595368,.019957807,-.0446609088082958
756595368,-.029055361,-.0446609088082958
756615732,.73012102,.0278966620552222
756629324,.43374604,.056667780831489
756670162,1.1328446,-.0080552252658025
756738162,.7384755,.009881505348909
756813014,.46020269,.0078142278500674
756867368,-.068167709,-.0116222668194453
756921764,.25308555,.0096304639286626
756982964,-.19159631,.0771533403227521
756996534,.2910825,.0209480478198732
757003334,.51581258,-.1065721575462342
757010168,.069914237,-.0041253625572249
757044124,-.27098507,-.0341743218541784
757064572,.49501961,.0372972512814511
757078168,.38546708,.0555632228992365
757098568,.22787613,-.0403468146016068
757146174,-.42452335,-.0246944981692541
757186930,1.0232457,-.0031669257583999
757275334,.69142604,.0146395020024027
757295724,.75075138,.0599270117196759
757322930,.089879774,.0040101342831962
757397768,-.38238829,.0450184095545806
757479370,-.090847641,.0045516450446219
757513328,.39068145,-.025191759294341
757581324,.24773455,-.0063670763352111
757812528,.63279921,-.017573174513205
757819452,.090244524,.0073731952641803
758383768,-.069067381,-.0163033090062579
758397408,.21756178,-.0417638390704891
758424568,.88633078,.0105594831385517
758594646,.22986029,-.0157733334575362
758656406,-.42612213,-.0021590477768744
758839368,.58472472,-.0487341931101095
758846206,-.17395718,.004887512818791
758921608,-.081987806,.0041771101178704
759002566,.97154516,.0971019833206989
759091046,-1.0044326,-.1084984769775573
759158928,.07454171,.0261149381452617
759172524,-.076286644,.0167562596492439
759784524,-.12922139,-.0069808968854541
760600526,-.78140664,-.0382384622021984
760763726,.26121071,.0182086267515533
761008524,-.16441961,.0032322057595712
761130966,.31861711,-.1111265189930715
761518524,.34485397,-.0432070783344747
761566124,.049931917,-.0677256284830268
761668164,.69719762,.0535350662675793
761763324,1.1054393,-.0502010237612733
761770124,.54642153,.0823260187079638
761817764,.054922566,-.0172038135436509
761858604,-.63969469,-.0264512409360594
782163322,-.20373659,.0200249104755165
783638962,-.34578097,.0076361523917726
783856642,-.14707021,.0036814199283696
784210162,-.3963919,.0011687442270231
784216922,.12970479,.0559918440796313
784346122,.60232866,.0008761826995033
784448122,-.29088554,-.0813082286034838
784618162,.0149897,-.1015164592245459
784883362,-.014073781,.0008142565601981
785054042,.32546878,.0081099680078537
785835362,.27178556,-.0321091772384587
816046259,.11465763,.014471718670951
816088566,-.24914619,-.0589665293353895
816102122,.42917305,-.0829977424870359
816132623,.24834791,-.0094438690966408
816190578,.5971815,.0102275384475983
816194495,.27631438,-.0143929184883567
816301943,.49166331,.0303482579030057
816306126,.48322704,.039797579931164
816357699,.15188789,.0152903950212648
816425015,.42173365,.0474726014020047
816440655,-1.5931603,-.042672000061451
816442015,.02572161,.0286668539378883
816476140,-2.1867695,.0290779078766473
816541295,.21463551,.0135991867977419
816561015,.12380936,.0093115762588102
816658259,.7308476,.0158048304623016
816663695,.67164916,.1269959829313511
816691575,-.31965706,.0124284292382117
816700540,.81441456,.0027781456709827
816714124,-.13820052,.0149398316944698
816742002,.1916378,.0393604307462879
816761772,.27732623,-.0156947162714173
816763655,.66422629,-.0156855410397525
816816128,.24871205,.0191264428946794
816822974,.17689171,-.1072274380053663
816865655,.5543834,-.0096786934935135
816869759,.062463995,-.0375888794563115
816906459,.85132444,.071369088502474
816946575,.1616914,-.0005293034367447
816952180,.19941226,.0010512857048654
816999619,-.42989427,.0323115455098308
817020222,.052616563,.0147388024201848
817026982,-.022020139,.0141126540008864
817034299,.55147558,.008663407242792
817034303,.55147558,.008663407242792
817045855,.70119816,.0618914981989695
817123379,.23199672,.0216064623014995
817148535,-.065660134,.0737278039193502
817150575,.60241503,.0878365920154227
817190248,.439309,-.0178997921630666
817190248,.55762261,-.0178997921630666
817197016,-.056426361,-.0033210645332987
817228791,-.22851034,-.0925255306016464
817236255,.70619065,.0443103952735626
817238404,.27148029,-.0701962483185447
817256655,.068457946,-.018002865889052
817278562,.13574162,-.0038471802282622
817313775,.61504364,.0256411784910527
817339774,.58742785,.0332485244568477
817339806,-.25526416,-.0377510442459123
817353412,-.19438833,-.0634957773574444
817407772,-.018319543,-.0531821458872115
817428764,-.55921215,-.0078893818570802
817462130,.80179703,.0029285195490915
817469002,.76088715,-.0008949102061219
817489368,.22435263,.005432822794383
817536968,.019823626,-.0407950261641287
817557364,.093999572,.027103298813016
817564182,.12028126,-.0070586211739397
817577740,.69618571,-.0016817152913189
817598142,.7007876,-.0050214372989657
817598174,.56587708,.0311772208481648
817679738,.10522775,-.0016186393106139
817726555,-.72328073,.1460389417701579
817740980,.74679494,.0607566458478874
817795380,-.034881286,.0093035128764785
817808938,.47893435,.0684028048094724
817842926,.18616521,-.02426792564258
817850406,.0091269156,.0548741139200355
817856536,.73002732,.1620260827454123
817904122,.27504992,.0374518596181885
817904166,.41151798,-.1890952305087687
817917862,-.16080971,.006573708651973
817951764,.25938591,.0453089003909199
817958526,.10376603,-.0362780969663491
817958608,.72975928,-.0094189362622449
817972804,-.18019766,-.0903294134463136
817985724,.91142648,-.1884628740945722
817992423,-.34592053,-.0688771630272704
817999899,.23420431,.0196812693458468
818006015,.026614238,.0164818176455992
818019802,-.027892787,.0137493212402938
818026566,-.30972576,-.0083148421415133
818046936,.63618875,.0335166529138135
818074122,-.082635969,-.0195222762513127
818148966,-.040945671,-.0902215221504709
818176122,-.087760411,-.0824223647677593
818196526,.62261915,.060925968987507
818210142,.062541157,-.0911596883032841
818210220,.42591408,.0359480939887416
818217016,.10654201,.0273119503253262
818244222,.24499957,-.0388249569876293
818257780,.43664569,.0043158322262366
818298602,.4374305,.0191128991513554
818427816,-1.1083869,.0779698181274616
818448214,-.25465721,-.0276362928767676
818468562,.33937028,.0498351180584828
818495726,.29919881,.0864594684679698
818522966,-.23496909,-.0760689468124915
818658147,.12400097,-.0217816322408943
818747336,.4237079,.0001495820101151
818747338,.52890086,.0256070730608003
818747370,.28733358,.0143742130328439
818774534,.52635932,.0126600601041814
818924126,-.14979725,.0050971059425648
818944572,.14749126,-.0877019386143394
818944572,.24402836,-.0877019386143394
818971734,.64223146,.1128753866877542
818971734,.34949532,.1128753866877542
818985336,.88586897,.1181818180318855
818992122,.31393105,-.0546781213564471
819019382,.50287724,.0122518545795415
819039728,.77472866,.1049112921334267
819053372,1.181958,-.0027486333290246
819054006,-.84761238,.0223571419511181
819060174,-.4356209,.020277100621042
819128216,-.30345371,.0281084817627697
819230140,.43815312,.0006371241656241
819291328,.43217984,-.0645427708545588
819298218,.3284893,.012952748517088
819311764,.93277502,.0028566510386609
819339088,-.51798409,.0014198938320513
819379726,.56130648,-.0015038828314474
819393328,1.045889,.0265820319799355
819420536,.82771438,.0287820584845436
819468246,-.64797211,.0258969497119193
819508980,.34825817,-.0045199317787608
819570180,.7389856,.0057626853075138
819651728,.22801331,.054935826046477
819672166,-.3929967,.1337678992520058
819685772,-.3857117,-.0113582618508715
819706168,.38561496,-.0084215346641429
819706168,.29126251,-.0084215346641429
819787762,.25745553,.0640558948936964
819801326,-.076963171,-.0158292254197201
819848930,-.24150546,-.0466749777033953
819848974,.023163443,.0337185865598847
819849092,-.3396357,-.0133092727178872
819849572,-.074014969,.0278385467680994
819916966,-.28591937,-.0016027977880308
819917054,-.79506361,-.0074506149461691
819980256,-.53140587,-.0485623964294693
820107444,-.29556412,-.0137839285601764
820114294,.21329816,-.0379931339343104
820127762,.080500342,.0449635404192503
820175414,.57610226,.0243136939706803
820195740,.4282926,.0107329562005349
820277366,.40112224,.0318635146850628
820318124,.28300342,-.0207929694068955
820392934,.91093838,.022163862091445
820420300,.033077244,-.0145070485202118
820426970,.61726904,.0584467507314927
820474526,.10267801,-.0051938755670934
820488138,.18021524,.0089076739026653
820501768,.63783389,.0326322995609757
820508582,.15583378,.0082608230394943
820624182,.48838192,-.0100592724989759
820780566,.34318772,.0469498824431405
820821330,.25450817,-.0562777204597233
820841740,.26237524,.0249681564991584
820862180,.21965045,-.0016958791061454
820868926,-.35445622,-.0096757659550517
820882856,.21206717,.0161698133728059
820889616,-.0558451,-.0019248740983158
821011724,.31177858,-.0486597217018204
821038898,.81728661,-.008341176223049
821039016,-.46636823,-.0648662874145704
821045856,-.26873949,-.0263873855309886
821100256,-.24378532,-.0322804606775804
821229324,-.35306063,-.0326672523499527
821256722,-.5777595,-.0178973398236241
821310976,-.70508128,-.0169910288265019
821344936,.4638083,.0060935608734374
821467362,-.12093638,.0280572316382342
821467376,-.1000094,.0008595424677198
821474170,.84023774,.0496361648166892
821494522,.12580214,-.1574124527231955
821528532,.029950267,.0013486980809063
821589854,.12560819,-.0426420923058758
821712246,-.04172311,.0092083064312033
821780126,.44518659,.0097600684349244
821793766,.47294718,.0736321529550998
821861854,-.72788477,.1043849669302731
821895722,1.0042565,.0457618645874763
821922966,.77968949,.0252758881141542
821956926,.24022625,-.0513343502295445
822011382,.13980556,-.0091290465467218
822086168,.27881974,.0422885628250311
822154180,-.18496795,.0037394198215104
822256176,-.23909225,.0097669762940798
822324178,-.55688852,-.0053384300193516
822344492,.98890847,.0516982685571381
822467004,.21792972,.014581985689276
822494170,.53081393,.024227500020119
822582524,.44674867,-.0067441918388597
822582542,-2.574826,.0109837680177875
822602930,.31192482,-.02603601566346
822609724,.36096188,.0220679585708542
822630164,.4949064,.0159138817218958
822630164,.94737136,.0159138817218958
822636942,.42938957,.0118084845190888
822718614,.14966358,.017945641783974
822725342,.49381116,.0003698857092759
822779804,.417,.0045666268905234
822840962,.43051845,.0346607226985334
822847780,.55061573,.0195434208552623
822854568,.54062426,-.00806177011851
822854608,.54062426,-.00806177011851
823010938,1.1278307,.0401529549953018
823058528,.65049732,.0358587568201153
823065330,.36127061,.0173928761865114
823255820,-.031525869,.0056478818317369
823371328,-.61896914,-.033996431741885
823405422,.5079304,.0069247537235731
823432524,.67129183,.0192413346703143
823446128,.38987172,.0027454782492792
823514256,.28109023,.024368546270665
823704726,.11716881,-.0693293420911074
823786242,-.10156216,.0025001979724392
823799722,1.5288655,.2430086516527014
823813362,-.38741359,-.0109911312650203
823827018,-.3656427,.0093527663156563
823896328,.099993192,.0123681032870186
824071778,-.034050789,.0174094041252947
824146604,-.21713741,-.0313871540903414
824173852,.62841463,-.0075951536223065
824221372,.46382487,.0019245901071473
824221404,-.39613453,-.0241450312261779
824289404,-.83676487,.0385742218679596
824289404,-.58599889,.0385742218679596
824418534,.74197567,.0218525104749642
824486524,-.19544613,-.0697494993714104
824568172,.2339644,.0792835251483141
824574964,.24205805,-.0613834904392966
824758532,.50008631,.0121120170840125
824772124,1.1991498,-.0529128811330155
824785816,-1.0141256,.0971067083930554
824792562,-.40823823,-.0546975413669002
824806130,.35098884,-.0094662098323452
824894572,-.39244491,.0018392296098757
825180170,-.22756064,.1923160711036593
825324370,-.16547437,-.0039607753259877
825411324,.27683663,.029523015802844
825425050,-.56120789,.0099518420824527
825479374,.10860768,-.0094215385235969
825513334,.60569578,.0746286491615054
825533772,.72818351,-.023794362482324
825629010,.67038184,.0378790579124983
825792128,.61214411,.1006900518524646
825839808,.015461494,.0266077651228271
825854008,.2497898,.0098488800178865
825949212,-.30494934,-.0770531926833756
826023370,.029210309,.0539797951515587
826234168,-.21794808,-.1478054673858079
826316444,.083851978,-.2502049446056593
826574170,-.41878164,.1176465514299273
826859764,.2797569,.0229085892256927
827179408,.62769347,-.0591760000693881
827282004,.20278226,-.0395337537154581
827369844,-.61037809,-.0355275456933522
827485324,.20180373,-.009925812921088
827587366,.68864137,.0307174708495839
827600924,-.35168111,.0002704063074645
827668886,.45512193,-.0294571397532492
827886528,-.93381345,-.0278290915584182
827974926,.27280039,.0593287171666073
828022526,.16536243,.0292013452481482
828022566,.16536243,.0292013452481482
828022606,.16536243,.0292013452481482
828029324,.44180864,.0037306902130144
828083766,-.15111947,-.0426120413497661
828484884,-.43764657,.0276810435185264
828676004,.20071247,-.0126181094465501
829096924,.85053492,.1493365739406946
829246484,-.37301043,-.146918480486764
829301046,.30315673,.0763032613338667
829471044,-.23474358,-8.61347784419e-06
829654566,.22162265,-.0131341994012896
829675006,-.18134144,-.0835592200277945
829838126,.31777275,.0041052543744537
830192404,.12692875,-.0148901788783458
830192404,.21752077,-.0148901788783458
830218926,-.60707158,-.0059482324341168
830388924,.73723,.0025484560864728
830796964,-.26775104,-.0763313192043876
831021284,.34221345,.0350631817158639
831218564,.8078562,.0689992882645749
831347804,.16803668,-.0102403525286654
850456402,.02447884,-.052222685225724
850544802,-.25380599,.0277973946380631
851176602,-.16639675,.0603543908930046
851387402,.15236604,.0527451894208993
851564162,-.23493868,.0172204925302616
851700762,-.032636248,.0035324016463779
851830002,-1.1656706,.0536712067085904
851830002,-.45823941,.0536712067085904
851849762,.34369719,.001820652351712
851897322,.53266037,.0589240784657754
852495762,.48545921,-.0361924023008581
852645322,.67587376,.0311596871782024
853726522,-.02683552,.0123018053350305
853726562,-.02683552,.0123018053350305
853733322,.34848434,-.0042205100848251
853733322,-.028801119,-.0042205100848251
854420162,.74591357,.0651177096724589
854447282,.73213142,-.0264244379318064
854447282,.11582323,-.0264244379318064
854549322,.56101412,-.0134473031720019
854739802,.32841563,.012075430425351
854930162,.010587274,-.0069190792056417
855113762,.38023514,-.020014045009681
855182402,-.11230786,.0495644417712878
884054604,-.47356141,-.0414349977365375
884136707,-.15400137,-.0351968818808972
884237335,1.0912701,.0248971034569129
884306023,-.28974003,-.1398472865672583
884318259,.32663196,.0004812947466508
884360608,-.55432272,-.0008271400641088
884387730,.68178213,-.0242610608343901
884410059,-.14711766,.0072866060921528
884411415,.45044988,.0236055171480026
884412775,.57122618,.0090548050345927
884414978,.6127851,.0716348298629209
884420255,.89673835,-.0186801259678158
884435342,.53933924,.0098229766769258
884439295,-.11715645,-.0252096819503851
884503458,-.73882532,-.0181240433022874
884523766,.15668687,-.0373877986680617
884550930,.4791615,.0782591437462966
884590935,.63462555,.0927456480457062
884591780,-.43405259,-.0245030463297541
884591820,-.43405259,-.0245030463297541
884625738,.88983995,.0227480879412494
884630379,.060446892,.0577251393916001
884632686,.13071202,-.0083557413986154
884632686,-.51532096,-.0083557413986154
884639378,-.79727703,.0791671209628004
884680015,.021903858,.0807094689700309
884680210,.042263806,.0058978215322534
884680250,.086625807,.0061324109098344
884707334,-.10646064,-.0693726586921297
884727768,.15964091,-.0149379026889029
884727776,.17699896,-.0398350144493543
884741332,.95955378,-.0035299218499362
884761702,-1.242847,.0115078902427664
884816206,-.01708515,-.0556903146409801
884854103,-.32980913,.0333957428665782
884856922,-.010067672,-.0206325422546121
884877342,-.27869204,-.0035780670269984
884897615,.55339342,-.0163471301866255
884945330,-.12007812,-.0590005632009258
884971055,1.2407061,.0453034936249195
884994179,.074828841,-.007483353400766
885088202,-.50252199,-.0182616552311366
885101740,.52325755,.0118404059275538
885128982,-.22104804,.0155536254933779
885135734,.27035907,.0393519484403302
885156699,.057516608,-.0059616576378006
885203742,.42827848,.0167093998454703
885217374,.10841572,-.0039416980595238
885250539,.85211867,.0559946399049725
885256655,-.46659467,-.0159894815418474
885271882,.28074923,.0468643276706552
885287259,.38162857,.0312191232749184
885299128,-.47366285,-.0266145477405123
885509804,.23596109,-.0220323741137996
885523370,-.32230812,.0053722159317107
885566739,-.52580935,-.0187468737524516
885604978,-.13438547,-.0266881341994816
885638982,-.34289843,.0154677982503985
885727368,-.66361558,.0040542960650428
885734254,-.026158774,.0012016955029821
885774964,.63720018,.0753560129774281
885788524,.12504676,-.0215716816788457
885795334,.39157936,-.0261196098441742
885808896,-.31742024,.0015534777466599
885870122,-.21231978,-.0068587966853997
885897382,.24006057,.0110471646800197
885910815,.71981823,-.0024413498458794
885965410,.1872758,.0002933038477186
885985768,.024338936,-.0095362019180403
886006202,.19556881,-.0064199274151996
886011455,.011601473,.0008133188807357
886013044,-.025173424,-.0056189561202637
886108124,-.19439152,-.0032532362057143
886108134,-.49234968,.0012792537164913
886114922,-.60385644,-.0167708386774196
886134543,-1.0712734,.0265057496851536
886161759,.18996583,.0044865680934122
886216964,.14161044,.0126548567735291
886278164,.19046918,.0716710268865773
886293671,-.62866127,-.0034891991358398
886298540,-1.1277367,.102596868435019
886332574,.31545225,.0461165085351743
886359772,.45249835,.0829494485609746
886421614,.3484574,.0075892799100091
886448260,.39765891,-.0240237797459938
886550122,.37660202,.0084943700041426
886611340,.68174011,.0117737355677911
886686176,.6511302,.0783029126474589
886692966,.25375429,.0563443385872675
886767728,1.2469155,.0244437646594527
886788250,.12299772,.0443884803792726
886808578,-.19337244,-.0421534497725476
886828974,-1.4805173,-.0077803575462811
886829014,-1.4805173,-.0077803575462811
886849364,.73346841,.0941765689061336
886903808,-.47458646,-.0167826981684998
886937768,-.44472209,.0157988304090379
887019372,.01011999,.0114906555484162
887182522,1.0372083,.0817835666367904
887182524,.49141985,-.1032700002907611
887223330,1.0471829,-.182725021816853
887264166,-1.2261373,.0694970607316023
887427330,1.3823018,.085374350926023
887604218,-1.4002866,-.0006047532311867
887617802,-.29274559,-.0096618149678816
887740208,-.76396847,.0108399976441005
887746970,.53671771,-.0049977974817655
887753740,.71712506,.0052596147508444
887767302,-2.2043343,.0408881015651792
887848892,-.24722365,.0149376110618188
888209326,.16282657,-.0438528104253796
888209416,.092850819,.0040768858851923
888393046,-.22289039,.0108994842242926
888617338,-.43807942,-.0292703566219981
888664974,.93823373,.0587837548709098
888698966,.18043932,.080093120952554
888773764,.30198723,.0078021063871335
888930170,.95709562,.0043501590962875
888957338,.27554172,-.2544786737348803
889141016,.056222547,-.0180592225457602
889249762,1.1011434,-.0069917446346194
889290612,.16689971,.0195150433450928
889379014,.054060049,-.0148234939285082
889385762,-.12091182,.0007027437126826
889426528,.75053066,.0952572999691645
889447012,-.57493114,.0314786696123132
889596580,-1.2480186,-.2670508026854768
889603450,-.058762509,.0104113395534937
889651090,.38600892,.0214841216770797
889664524,.57814181,.0404182545314586
889732532,.37262288,.0060764858468594
889773372,.3469322,.0381393803677678
889990964,-.13804011,.0085435257295343
890018168,-.84489006,-.0995764454290394
890065854,-.36649355,-.0366119044962512
890065854,.49908572,-.0366119044962512
890065894,-.31905153,-.0247905140062485
890065894,.41342771,-.0247905140062485
890133764,-.20939068,-.0087160005300697
890201764,.78528547,.064078128609927
890521406,-.018784583,.0074146535829289
890657492,.32721105,-.0322515454684943
891065334,-.16605847,.026156798899176
891133366,-.13151021,.0361628037824063
891140804,.35085663,.0909574094260423
891153724,.43216136,-.0080902074280743
891201326,-.34303352,.0037275010443569
891248972,.62135792,-.0074139462333372
891303326,.50722873,.066685536928614
891384972,.63833672,.1647546936088931
891527682,.063466139,-.0547443167209475
891609366,1.3750215,-.067403492682012
891636522,-.25826976,-.0852746429822528
891697962,-.27936801,.031482694873958
891758966,-1.4112743,-.0255686101173743
891779524,-.29629585,.1112305371825761
891813324,.55734569,-.0315144049192315
891833732,-.17726986,.0029499441261508
891833772,-.30061784,.0028006291075621
891990404,.091052838,.0227285300896897
892241724,.64665902,.0008184572427588
892248524,.075136654,.0364497674602597
899762610,-.48127833,-.0111723305672831
900462930,.12091067,-.1138647912970885
901224570,.49639788,.0603943720854224
904270970,.33538598,.0530406290441935
904658530,-.024720745,-.3715428196742714
904747170,.074641816,-.018535176867147
952017019,.35229647,.1089979017955933
952032663,.53714883,.0349603847771989
952034015,.4450438,.0787971111438562
952070735,-.10637333,.0001505168518921
952081780,-.026159165,.0136505336231486
952081780,.3313435,.0136505336231486
952102808,-1.1802485,.0390690286345162
952122532,.19511753,.0620910849425748
952156562,.47561949,.0481317748005894
952163328,.46146524,.0709534163064754
952229855,.28990784,.049515721684465
952231376,-.18126924,-.0022974980095232
952248899,.22764127,-.021785082539827
952306218,.13391207,-.02650482634543
952312964,-.62653255,-.0209402762565597
952312964,-.45678812,-.0209402762565597
952313102,-.83609009,-.0105764277399493
952333458,-.5875175,-.0001894428460345
952340286,-.32182637,-.0015987998962454
952360528,-.2737962,-.0085420617532215
952368096,-.62906522,-.0336256573268146
952394566,-.13810098,-.0238442406799878
952415042,-.24090765,.0192018214630785
952435370,-.27114439,.0407019320047807
952442140,.50012171,.0117534569916483
952442140,.73832971,.0117534569916483
952448928,.13854793,.0191067536759604
952471263,.45214459,-.0295231931119707
952518191,-.34190482,-.0024716057633553
952523772,.35938612,-.0018747555492645
952546735,.69986314,.0588692343926985
952550970,.040768325,-.0023111820384505
952551010,.040768325,-.0023111820384505
952554215,-.25940338,.0086733521004253
952599103,-.031217856,-.0330321179213633
952700534,.48186743,-.0103638100355008
952705855,-.19064511,-.0481073695565555
952795736,.23157448,.040524031369233
952890815,-.29314005,-.0361978243913938
952897782,-.17055269,-.0160884131640747
952911340,.11099663,.0078607763760503
952924980,.53971279,-.0134421413033725
952938536,-.13592064,-.0114073157946418
952971059,-.28153896,-.0299210180701234
952975827,1.1183662,.1510452423129539
953006816,-.36815381,.0263400949745618
953013370,1.6652156,-.0403317263382765
953085975,-.11975513,.0094283157151696
953146491,.32891262,.0128959091863961
953196940,1.7244235,.0265116288624084
953203738,.82181233,.10107039077265
953210578,.041265644,.0182842885460752
953224172,-.41932321,.0072995929808352
953231126,-.35439989,.0054177305024256
953231172,-.50317234,.0045232037718917
953259383,-.21167099,-.0194141423082747
953283855,.19465622,.0305889580158934
953308339,.57441998,.0456583167000401
953317183,1.1362506,-.0042228616064989
953319330,.65388101,-.0054961321074847
953344379,.54074281,.0990719595289011
953357975,.74029332,.1206972682133164
953387332,.39628547,-.0815165903204114
953428172,.199744,-.027009416902653
953435002,.040903017,-.0241718915112042
953482534,.27854767,.0277868264800344
953496246,-.12639983,-.0024953940953684
953550524,.415822,.0082309738138257
953584576,.48135257,.0363698613709259
953665331,-.19379675,-.0421747218067283
953686580,.55030519,-.0012258003943519
953713726,.60557061,-.0524798346306512
953727382,-.64805293,.0071918657333985
953737423,-.21717174,.0099552559542847
953747738,.44457158,.0295768377799545
953754532,.2290933,-.0339852229618206
953754538,.71395707,.0170255641297031
953787055,.32925189,-.081576925756712
953944930,.66470569,.0432437613070732
954046942,.80357134,.0085193476206107
954074172,.33383429,-.0196475058540038
954186891,-2.7768178,-.0097736582928258
954230572,.46069178,.0313538801872874
954230612,.33734378,.0289288082710865
954244208,-.59490168,-.0881983203132202
954284962,.28309289,-.0065584089803258
954332570,-.47468853,.0244304681131564
954332570,.093576729,.0244304681131564
954339288,-.95766455,-.0347916032845121
954339288,-.20578203,-.0347916032845121
954339500,-.17010388,-.0097401550774196
954353014,.24794334,.0039998172971543
954373328,.56679904,.0431742389816359
954414182,.48549882,.0180290868741271
954428406,-.55363894,-.0203906851636936
954563724,-.67443073,.0337751104671424
954611328,1.1719636,-.0643988929000145
954611380,.57514518,.0204658320642572
954699726,.4206402,.0580031271381804
954747336,.46157765,.0480186781053163
954767776,-.13440178,.0195781244539167
954842694,.15484394,-.0308753834942713
954896936,.98017693,.0284699101216751
954903862,1.9245747,.0269758133832214
954930982,.29202595,.0129668869602766
954964966,.56728703,.0622577731247778
955032932,.30201468,.0720484031508181
955053414,-.65523332,-.0648004390442767
955053454,-.65523332,-.0648004390442767
955087324,.67279506,.0915547675899387
955128254,-.2003952,-.013848241305377
955141722,.1508992,.0144286445671667
955141820,1.8096569,.0743193002210544
955155492,.11759416,-.0679845952185603
955162212,-.063936256,-.0594699100516138
955162252,-.18728425,-.0604390657059945
955189326,-.21579474,.0189981814351767
955209724,.033907823,-.0180446049257703
955230174,.5391736,.0907693458101609
955230250,.26434374,-.0149087497063561
955230250,-.029045479,-.0149087497063561
955413734,.873245,-.020526903935788
955536136,.99687397,.0310144113168519
955543134,-.83634734,.0254886526204464
955685816,.62596774,.0015832067509189
955692568,1.9261026,.0736069240182152
955774128,.8612594,.1041944826806193
955774180,.27697247,-.0187263696594119
955787842,.45970789,.0009141332082242
955808242,-.22076128,.0125981356248906
955814962,-.40483359,-.0414553642103177
955991770,.46871823,.0336949991895372
956005490,-.38169193,.0038804499072937
956012136,.54115582,.0567806826226518
956025682,.4652684,.0068894682820842
956086982,-.38258597,.0211394974630833
956175462,.33494255,-.0532169912715157
956195776,.96899217,.0380734789894427
956195776,.42301899,.0380734789894427
956216122,.32597908,.1349671824899509
956256966,1.2665029,.0680407906498428
956263802,-.36302447,.0668470354047041
956270502,.95956141,.0350176814853394
956270610,-.1856889,-.0231389204412448
956290980,.096454196,-.0014386000024409
956304618,-.063993804,.004931406698909
956460924,1.0340374,-.2243215946710691
956617416,.20162915,.031985802990694
956637978,-.25204924,.0024807268968265
956644568,.10120942,-.0159589065419071
956658170,.20068078,.0000595438672105
956664936,1.1331191,.024074852379169
956678576,.21830808,.0411152173539331
956746570,.37161541,.0027712855624092
956760170,.45933571,-.0198715094100148
956807938,-.55225128,.025183241635113
956814526,.3492505,.0492140019034214
956814622,-.013584585,.0220930763482018
956822016,.20363174,.0197964047659818
956869010,1.0284382,.1015618215173604
956903060,-.63601524,.0613416647444166
956937002,.24153046,-.0787779357859682
956937012,-.49579275,-.0351228986080771
956970982,.47610879,.0216721472827823
956971044,-.42229173,.012246681394194
956984736,.27271211,.0225213938447494
957032216,-.042798735,-.1115444713884146
957032216,-.037233666,-.1115444713884146
957140966,.84431589,.1667664499807981
957161374,-.075453408,-.009231798212663
957304204,-.016359413,-.0254999338234652
957406178,.50565016,.0031894780615817
957406180,.52191216,-.0425743372725716
957535484,-.35097709,-.0053015037871268
957555768,.19578999,-.071313596745512
957582926,-.21729824,.0186340815522771
957582966,-.21729824,.0186340815522771
957637324,.95077693,.0750068060257146
957637326,.83971673,.0723682109042169
957637364,.95077693,.0750068060257146
957678172,.63933086,.0547151336585901
957684932,.099922575,.1516317698950684
957705458,-.53467387,-.0388742507886568
957827724,.79848742,.000527705228602
957861770,.46679005,.027267884441315
957963722,-.46201801,-.0924346516133515
957977324,-.08867237,.0905022055834934
958052292,.38161522,.0404246976876666
958059092,1.6456198,.0466847336499694
958072564,.91894656,.0991109627957922
958188174,.55759668,.0115120376145698
958242650,.20965301,-.0048031857852397
958256122,.28368151,.0025163530236228
958324248,.16817631,.0014432301240537
958364974,.068430066,.0211460610368739
958398926,.067666136,.1127826231792419
958405764,-.49841076,-.0837629204948445
958419610,-.32258874,-.09766637350798
958446536,.8529675,.0263082219780511
958487372,.54656452,.1149898215266378
958562808,-.25030982,-.02196323902419
958596164,.24352083,-.0675690652032738
958745888,-.45753774,-.0535786842886567
958752562,.17814328,.0002954125827246
959065404,.24121961,-.0076619421979305
959099326,1.0150236,.0484719786812729
959119762,.60870486,.0551542997125783
959133332,1.2120471,-.0120872986636771
959147002,.39763322,-.066257725229807
959147002,.06739299,-.066257725229807
959214934,.47878131,-.041143814042139
959255724,-.11765473,.0056800847566003
959487042,-.2149677,-.1357753917719417
959568566,-.21729833,.0174934718934633
959752246,-.39114112,-.0564696392621251
960003804,-.28772461,-.0609732334799482
960031164,-.26472968,-.1165793411666484
960071804,.015594097,.0056332518386869
960085446,-.0097414609,-.033583732759429
960112644,-.48448801,-.016791737444981
960248526,.81075245,.095603218652929
966885410,-.61122233,.011387245610051
966885410,-.76920295,.011387245610051
967878130,-.094613887,.1019743619956145
971754170,.20793962,-.0053116084063626
971992170,-.15138379,.0700636717479516
1020034162,.18457973,.0108662262885784
1020047611,-.53109986,-.0010094536099334
1020110187,-.30855536,.0212457795256451
1020170178,.65404314,.244565851777727
1020176143,.31781998,.0489556797390925
1020190582,.4031724,.025828912985301
1020197336,.31529844,.0499634066356579
1020224419,.21709476,.1788518429689786
1020224528,.24964309,.0016406793234995
1020244932,.8417322,.2871082785804022
1020244932,.13569641,.2871082785804022
1020246183,-.19254462,-.0038723911635781
1020296495,.38785592,.0673769967771169
1020341375,.44736776,.0562263783324459
1020357023,-.33497173,.0054232057959584
1020367334,.75084651,-.0062818500877448
1020462524,.92584431,-.0015821684277504
1020523780,.42342219,-.0036065729610285
1020523780,.86190683,-.0036065729610285
1020584936,.96742874,.0171708927157387
1020639334,.40498722,-.011190956949641
1020646246,-.36999679,.008643149265248
1020680136,.43894494,.0265787563267164
1020689543,.42586884,.0146559331916407
1020693896,-.039132576,-.0019690815020215
1020711979,.13268845,-.022086754700123
1020714174,-.112648,.0306098077818168
1020754819,.63259023,.126669965237702
1020775414,-.11849448,-.0239599227325532
1020857610,-.018885929,.0029109183387598
1020863768,.54851079,.1000935911620814
1020877340,-.1715923,-.0244620543464438
1020928223,-.19620509,-.0014141684070555
1020959503,-.32310587,-.0059093753074879
1020975135,-2.7140677,.1179158340316946
1020979338,.60728461,.0277318736966317
1020986703,.038548436,.0486047204689561
1021104343,.033770625,.0024070518498427
1021105699,-.082079187,.0118185139440126
1021175735,.1477491,-.0105438313936984
1021190132,.068693787,-.0325312708096068
1021196962,-.42332101,-.0305484591299402
1021196966,.42340937,.0527763837292178
1021231056,.46310824,-.0472909227879796
1021250531,.074791834,.0380634295838304
1021258172,-.069904149,-.000692899452726
1021344375,.43136173,-.0111887514278189
1021346606,-.36070928,.0449635377331261
1021353378,.65644401,.0370918145186873
1021387324,.07884717,.009447510050635
1021455364,.35473067,.0558333356204912
1021456046,-.41224945,.043931500975269
1021462695,.41039714,-.077151391558675
1021552459,-.31417307,-.0314742587609965
1021564172,-.50325304,-.0172970305162893
1021598174,.37190288,.0380115419497753
1021659448,-.5354355,-.0081613958576066
1021659907,-.308411,-.057328713889065
1021700172,.66660988,.0021278577015982
1021735387,-.76114482,.0272002187022602
1021808970,.053746894,-.0136894672094259
1021842962,-.50211179,.0098051602705742
1021958522,-.47825694,.0084568360726694
1021958528,.55421418,.0997453585430272
1021958574,.52528304,-.0076296953823839
1021958582,.70330191,.0080045584408935
1022148968,-.43486854,-.0289721439860392
1022169326,-.39120838,-.0353546581541706
1022170004,.15268816,-.041074323301225
1022183562,-.10837606,.0976551729399398
1022203366,.22188322,.09327103691597
1022224983,-.24385192,.0134186934156743
1022291730,-.31653675,.0495989269195809
1022420934,.95891082,.0469332000658619
1022468732,-.70574826,-.0105285267438441
1022482124,.31236869,.1137745545897291
1022482168,.9900738,-.03477988181275
1022482168,.070627145,-.03477988181275
1022488131,.14571837,-.0133845343494123
1022488936,.74823594,.0088455530939013
1022536562,.24701186,.0386245454481953
1022556980,.57442427,.0229740936992988
1022652180,.94437861,-.006793206149824
1022665738,1.6156037,.0554315099045606
1022686768,-.39902294,.009523434136191
1022726898,-1.5347313,-.0432769299513021
1022727056,-.39949548,-.0316098484097999
1022794926,.20547029,-.0895967479744928
1022808604,.16684482,.0556790130681347
1022842612,-.077552043,.0425269110310263
1022862936,-.052297216,.0712422959270334
1022883372,-.2421082,-.1002736113067069
1022958182,.43514788,.0068558034108626
1022971698,-1.8131815,-.0372069927490082
1022978622,.26059347,-.0201838779746051
1022985332,.58716112,.0004431513829045
1022985332,.42822582,.0004431513829045
1023046642,.059575848,.0328674336348285
1023053486,-.38511792,-.0249935412692312
1023080528,.64149934,.0734006001974322
1023128248,-.0016706915,.0016528721576088
1023168972,.084174238,-.0206484898122051
1023237044,-.5539465,-.0426972548875127
1023311770,.27691969,.0436586650311976
1023339012,-.68868196,-.0747776570270022
1023352578,-.41446638,-.0164720934526003
1023386576,.28331864,-.0049527447002867
1023474940,-.0090619102,.0445269701543552
1023474940,.082067229,.0445269701543552
1023536246,.061010316,.0380734434320913
1023583782,-.056201007,-.0577407769490761
1023583782,-.52982324,-.0577407769490761
1023706168,.01596719,-.1266735534808501
1023712928,.83105153,.0095124512508709
1023869324,-.25869098,-.1255637647135597
1024012122,.41112143,.0553500638906427
1024080162,1.1634328,.0972964685201754
1024101162,-.49601212,.0507769085034348
1024127762,.4511185,.0605400830188909
1024155060,-.27874896,.005664030083946
1024188926,-.5127002,-.1004171973211885
1024270532,.12471036,.0262724639134561
1024277332,-.28094205,-.0174846811397194
1024277340,1.0552794,-.009988590250264
1024290980,-.12187215,.0131500918625246
1024297726,.94812137,.0043012139569648
1024311338,.11061362,.0772409014410281
1024311376,.26056695,.0157654489588612
1024399738,-.38907596,.1420475789338766
1024440580,.15851586,.0045081135235817
1024494938,1.2828108,.0728677348524391
1024509208,-.29952148,-.0361812555928078
1024509208,-.075791657,-.0361812555928078
1024658124,.81263399,.0989409253272019
1024794536,-.31279519,-.0075317072103996
1024800936,.28028232,.0188935520859245
1024862166,1.2680848,.131521310123191
1024868964,.52923292,.0571528785740886
1024889328,.088992342,.0849180460508102
1024923378,-.040635437,-.0487616436680012
1024930122,.22621256,-.0265980100473091
1024977732,-.35043687,-.0100579404816345
1025018644,-.34597027,.0043932902273496
1025086566,.058271158,-.0017969279197428
1025100176,.57818151,.0031568011426034
1025195444,.12899369,.0167800608935853
1025215732,.58668798,-.0183853975046963
1025222618,-.4326297,-.0364115062425769
1025283808,-.36480042,.0028843891405398
1025310970,-.19576542,.0275470066546325
1025358620,.38918886,.058957371543401
1025440162,.14842719,.0511840231928458
1025474178,-.99253953,-.0718579076499867
1025583012,-.44795674,-.0630032834407854
1025589768,-.18045264,.0264543983054314
1025692012,.81868666,-.0970082921697118
1025698652,-.60795665,-.092603177108472
1025759856,.026418908,.0047296205011175
1025834570,.5136165,.010840025188561
1025875372,-.37387872,-.0500363676442012
1025916210,.083086431,-.1073293778352841
1025936610,-.24349876,-.0302048619550478
1025943334,.13650914,-.0323957654773669
1025956962,.39126876,.0163387995923368
1025984210,-.41657782,-.0697751993567086
1026092962,-.50243294,-.0175617296236411
1026092962,-.39941812,-.0175617296236411
1026099894,-.41748375,-.1574603800991635
1026133818,-.72254217,-.0247036313865901
1026147408,.16211139,-.0182642925046511
1026208522,.67302626,.0521185009634549
1026235776,-.38738891,-.0129969764888571
1026283294,-2.9023035,.0262440953427296
1026412486,.25830433,-.0505051133454922
1026453412,-.34120199,-.0621333143771429
1026473722,-1.3598589,.040835109681447
1026500934,.20167255,-.1540175527525899
1026670972,-.61622274,-.1590371288931276
1026691372,-.1253574,-.0314370131328259
1026732082,.2340786,.008377538205788
1026752526,.30781806,.0413172654479268
1026820566,.3013092,.0171130937004616
1026841002,-.00020772706,-.0149724530362141
1026854524,-.1778837,-.0863119476129013
1026895328,1.1366111,.0657233609680869
1026936126,.44065332,.0771213359585989
1026990564,.46791527,-.0157273839071342
1027044962,-.18645138,-.0591910848329813
1027072322,-.60831952,-.0499838736813007
1027263162,.19059332,.0439260647911825
1027269686,-.35242522,.0521093721496105
1027317044,-.34347758,-.0176290009762291
1027364842,.12518834,.0488892600673127
1027405326,.61405283,-.0859348329102545
1027724964,-.29206711,-.0915110020990201
1027745372,-.085882008,-.1244528617977765
1028037722,-.286044,.0119443617873801
1028520724,-.48303545,-.0215558212998385
1030404170,-.38639084,-.0215362765048229
1031832290,-.98656774,-.0984520913029641
1031879850,-.32013854,-.2191500848554068
1031879850,.10309192,-.2191500848554068
1032246970,.25462064,-.0220841966312265
1032423730,-.70864516,-.0670742932869451
1034905850,-.20595168,.0071060212908532
1040155330,-.66345233,-.093203879650942
1088060539,.20239869,.0485577856795421
1088066651,-.43172321,-.085862349052476
1088087735,-.44572723,-.0350208549837284
1088113579,.09801621,.0361186113919427
1088125815,.47855628,-.0372599136736592
1088161175,-.207027,.0230804209052718
1088170170,-.21344507,.0318039675969166
1088210894,-.035801057,-.0169345882975933
1088217742,-.59828812,-.0113527346637723
1088235995,-.4284398,-.0317993817065489
1088258618,.16927922,.0247478500935047
1088352939,-2.4794514,-.0181374337308413
1088449052,-.25960642,-.0177658365429313
1088457675,-.84049171,-.0592457351559882
1088459023,-.0131935,-.0266144485965141
1088496532,2.1726992,.1001701792991729
1088544208,-.38377103,-.0030612732695855
1088547415,.11418024,.0856904976089089
1088625774,-.4946157,.0465970434457211
1088632522,.67720616,.0206404091693654
1088646164,.11952715,.0247730496892594
1088647383,.42571378,-.0007121133673523
1088680699,-.28033879,-.0008164105310312
1088692267,-.25718018,-.0012838747957742
1088693724,-.56620657,.0115383002771635
1088694299,-.12941763,.0170008639774385
1088707330,-.17803866,.065876746562091
1088728056,-.39786151,-.0088703548475412
1088767735,.57603228,.0208764498488433
1088819479,.25333223,-.0175589019146
1088896255,.80350989,.0133593709825696
1088918182,.43161932,.0106157286314964
1088986162,-.12805407,-.0283870779549187
1088986172,-.52877468,-.0333078124113741
1088999615,.054669775,-.0379436272007083
1089010511,-.2518284,-.0034376039589308
1089018651,-.77000451,-.0108146447347126
1089022063,-.16987795,.0185305129573307
1089108572,.14025268,.0300754684633751
1089156368,.04247487,-.020587053646545
1089176534,.86325806,.0502668121273829
1089190206,-.47893685,-.0129331318779726
1089196819,-.30428097,.0262593028267064
1089196930,1.2887741,-.0771899678514036
1089230930,.3984814,.0840784794888193
1089251526,-.038754586,-.0192288097128674
1089263459,-.11132559,.05793413991724
1089362735,-.24295665,-.0348806166386154
1089394170,-.043370176,-.0325310957019235
1089394242,-.67247194,-.000412785556551
1089419875,-.17566629,.0239695496020184
1089421219,-.18954569,-.0275477765664524
1089421402,-.45798406,.0168261359678369
1089462162,-.20380038,-.011791984083212
1089462180,.34258866,.0123195371844924
1089577732,.62434697,.0051574139255946
1089577766,-.210749,-.0035480007292215
1089577766,-.21945432,-.0035480007292215
1089592575,1.4277803,.1571125325624535
1089612303,-.32265663,-.0186450057449958
1089740924,.025735006,.0337674319958468
1089768122,-.08757668,-.0130199814817522
1089795364,-.1263275,-.0584713053448973
1089844183,-.098699979,.0104273809473102
1089849734,.49145114,.0340454615504422
1089863336,.61079711,.0055342860370744
1089870174,-1.032143,-.0130176748876053
1089883734,.15589383,.0277852573759489
1089887015,-.27359015,.0311524721028017
1089931450,-.013168075,-.0313358318784268
1089992568,-.21604143,-.0780639989894452
1089992572,-.25841722,.0014864129241996
1089995135,.73478836,.0135525901335514
1090012930,-.26844364,.0075506288867815
1090040130,-.2529847,.0191498380514808
1090043423,.055027694,.0986926762423296
1090121782,.49494871,.0091463977461979
1090203342,.19978698,.0038785216209577
1090291882,-.25549391,-.064004206354286
1090305454,-.92917359,-.0074985098503361
1090400524,.01692971,-.0570284340784981
1090475562,-.3110725,-.0072032175286158
1090488936,.11106677,.0266790163481298
1090699768,.64109123,-.0061467225369071
1090713446,.087240182,-.0026420144945741
1090740654,-.1324999,-.0315724272124081
1090754168,-.02233527,-.0396569349848669
1090760976,.45251396,.0216241520160228
1090815326,-.60436356,-.0400688409123772
1090822208,-.50183755,-.0320956247951456
1090876528,-.38088498,-.0202287547231596
1090883380,.46869022,.0124071916011144
1090917380,.31507844,.0947516362844294
1090944612,-.452519,-.0524914199447579
1091066962,.12358349,.0362146185946457
1091108404,-.18213701,-.0206540077119531
1091134936,.64815146,.0410810902628512
1091223362,.21785913,-.0271718284659683
1091318568,.0016337781,-.0396376813356683
1091454536,.64851195,.058372381682662
1091461382,.58667284,.0346070653448436
1091502166,-.099373765,-.057881869327668
1091536248,-.45872375,.0287868403062369
1091542968,-.84293061,.0058955997171052
1091638814,1.4680419,-.0075323483580091
1091638814,.59950918,-.0075323483580091
1091665368,.074979968,.0009430093076404
1091719722,-.13358139,-.037829752447231
1091780928,.31537583,.011842012713505
1091848938,.15875515,.0692421294733607
1091903374,-.029412501,.0115968038898353
1091923722,.21906644,.0250346593049489
1092114164,-.13861319,-.0467683868333861
1092127782,-1.2008033,-.0363681620275405
1092325016,-.0044624317,.0298318796286893
1092372524,1.1097335,.0361504618878648
1092427006,-.29132116,-.0399130851510166
1092440572,.37011522,.0133047560199023
1092447366,.92355007,.0549970120334333
1092474736,-.27772522,-.011751622058546
1092515282,.38478148,-.056094267701792
1092671774,.90862578,.0800840936678337
1092672022,.24420148,.0152064110737794
1092719362,.34542987,.0815369945185057
1092787362,-.14749095,-.0596801661259541
1092977738,.41272232,-.0282699063704586
1093011782,-.3835749,.0279364249204475
1093011808,.84498018,.0943804176700826
1093038934,.23235895,.0359345720566117
1093052604,.89798152,.108873887832426
1093100128,.52904862,.0141625995045223
1093100132,.82574916,.0035844983788112
1093100170,.53028971,.0138818678154699
1093106976,-.45334771,-.028396991300787
1093120780,.23230524,-.0228751017541606
1093140940,1.3585068,-.0125126342006889
1093181726,.60530043,.0098672026245164
1093188530,1.0023648,.0752979100591645
1093202218,-2.4655318,-.0631465473506
1093242968,1.6993904,.0927172854722181
1093304168,-.047457755,-.0093301381613386
1093358572,-.55735642,.0234547467920124
1093372170,1.0063859,.0372082922596741
1093467364,-.31097233,.062022383688287
1093501328,.36392057,.0837117006241866
1093514970,-.44800591,.0118821137573403
1093589762,1.07953,.0907460752929595
1093638014,-.10743751,-.0736596031335248
1093739378,.11530998,.0002021995993783
1093739378,.4362185,.0002021995993783
1093861892,.1853804,.0464886674948888
1093861892,.18958454,.0464886674948888
1093862402,.48398745,.2138259132600011
1093888972,.23029682,.0271910965662369
1094045336,1.112323,.0533555750862737
1094052168,-.50376165,.0038904366142465
1094099698,.96183604,-.0041069724857947
1094099968,-.14444423,-.0052892272602812
1094113408,-.36557233,-.0452205394923635
1094127082,-.24470922,-.0016504429797506
1094154202,-.12927411,.0054762642811131
1094201802,.11208012,.0165100310900293
1094500894,-.15077446,-.0150523256247017
1094500896,.82087225,-.0019001651093574
1094507812,-1.1507007,-.0200611724508371
1094534962,-.43061543,-.0046469116610387
1094575844,-.26261795,.0072098979563192
1094677736,.47689843,.0133156700968342
1094732176,1.7926,-.0066293251680413
1094759322,.65133178,.0455018718679453
1094779724,.66961402,.1372313574279289
1094827366,1.3392737,-.0003516795591434
1094868164,-.4225291,.0763551704743173
1094868334,.13504398,-.0137408995974144
1094868362,-.27257836,-.0026858549540167
1094908932,.26200646,.0099036144393684
1095344166,-.51788121,-.0388642545840568
1095344206,-.51445127,-.0427734859596374
1095439446,.22622848,.0594296522586888
1095467206,.34385851,.0533020755228715
1095521002,-.23978354,.0046753486117499
1095568682,-.95304114,.0765809784701861
1095656964,-.57836491,.0156515499010809
1095772562,-.58182794,.0192537584680667
1095779442,-.43140838,-.0652144519201041
1096051324,.81428903,.07590528476302
1096119324,.46858016,.0419328457578624
1096187404,.26199901,.0511456240567077
1102375370,-.4228169,-.0182271583554628
1105537490,.23772824,-.0001248686377928
1107230530,.30392694,.0135763341594295
1108706170,.22013733,.0017156519352632
1156006131,-.37767714,-.0180095936382412
1156197322,.18446885,.0105957317131343
1156227815,-.183385,-.0410277704796354
1156260471,-.30037266,-.084205901126416
1156265332,.2522634,.0154846017494036
1156269299,.15507965,.0084185956691252
1156277459,.71037328,.0524755029911907
1156278964,.432836,-.0247843182771115
1156354979,.0031064053,-.0276665743409682
1156386955,.23747386,-.0059017313843144
1156401362,-.18608008,.0534017260892674
1156421782,.79316753,.0198919876386952
1156428582,.35190105,.0105485620478061
1156428622,.35190105,.0105485620478061
1156445419,.095769539,.0348546914934631
1156489740,.71808213,.0171795692892283
1156493023,-.20598659,-.0277847747644226
1156510138,.28682604,.0124323744354394
1156515459,-.18174662,-.023791270328914
1156528379,.075350583,.0647661508419741
1156530578,-.5156014,-.0152118717410079
1156550936,.19570734,.0423190468727207
1156557740,.93383354,.0131173869517312
1156564538,.88407779,-.0362639513926278
1156584922,-.11842429,.0336154511705844
1156619495,.041992899,-.0255400131001327
1156686968,.21072172,.082578127961635
1156738499,.58925742,.0370575451847734
1156754932,.55877739,.0131777975062577
1156802522,.4607259,.0742229218258736
1156924938,.10553443,.0486856573845781
1156946583,.41299701,.0270322239702216
1156973099,.58466399,.0231250952177042
1156986210,-.2953974,-.0244695623005028
1157017987,1.1431676,.0262845071539246
1157020174,.12996891,.0613391020553693
1157054174,.68457395,.0199070570825
1157100255,.70666307,.0147605994007992
1157168259,.024801718,.0144173108597466
1157298932,1.0262218,.0902766092202744
1157305764,.57454491,.0567038230809613
1157324659,.44087559,.0484344664530517
1157346528,-.76272678,.0223861484269074
1157380528,.74713433,.0454906439472343
1157425975,-.40431815,-.0044346318639345
1157442303,-.52727282,-.0262869173466374
1157468139,-.78920197,.0457619027860653
1157564292,.15388973,-.0124376648467724
1157713766,.035716642,-.0084412807479018
1157734122,.50353062,-.0033367817515925
1157774976,-.066942014,.0212866498348277
1157791831,-.38829088,-.0134522427791875
1157803391,.54953617,-.0712499089945125
1157897370,.59572345,.0596255582060839
1157904222,-.27731395,-.0105244235749175
1157924542,.19167778,.0425850402171925
1157931374,.090552241,.0175511067887348
1158043423,-.52178609,-.0295522552273966
1158142178,.5576843,-.0067031755066664
1158142699,-.7013694,.0132737149567759
1158142699,-1.3997455,.0132737149567759
1158148978,-.27477187,-.0367831430846428
1158182970,.43391746,.0646208842483817
1158216968,-.011138877,-.1375958528472145
1158216970,.10470934,.0029219638782768
1158217010,.10470934,.0029219638782768
1158223726,.072838672,.0342195726830616
1158244330,.0050908849,-.0079916004958709
1158298526,-.24311958,.0492008808816259
1158305408,-.44186878,-.0035812367583653
1158305448,-.47435078,-.0169392920739116
1158326983,.51777714,.018736431311009
1158346096,.72304827,.1374500050965448
1158393722,-.41073051,-.0024513613757844
1158400528,.08017081,.0137706006150273
1158475488,-.028094888,-.0376245735675237
1158543334,.34976521,-.0443483850645083
1158580615,.023171166,.1863425793314804
1158618132,.3372083,-.0102332291057762
1158618132,-.87033767,-.0102332291057762
1158624926,.46097773,.054311798551516
1158672522,-1.0189695,-.0280961319617899
1158672522,.22962464,-.0280961319617899
1158686204,.30281654,.0319361768501471
1158706526,.041559767,.0069133232433432
1158713326,-.14962634,.1035373093641066
1158760924,-.3074272,.0009526282364934
1158822166,.67336047,-.0573977316224921
1158822168,-.1187266,-.0700710164851766
1158828930,.63536924,.0146313377619242
1158930962,.7574119,.1082501170907626
1158971780,.95513123,.0129152611177911
1158992168,-.09845823,-.0809406140442244
1159046536,.96835554,.0559527286715292
1159196182,.17423958,.0180559567220276
1159209810,.18850099,.0364060935673935
1159372924,.52298999,-.0700581402611063
1159440940,.2191931,.0245822092025216
1159475018,-.26020738,.0011450059259558
1159767366,.2614772,-.0031024007538603
1159882924,.068855703,.0150518796518367
1159903370,.2338625,-.008261219719106
1159964532,1.0032396,.0020771367635729
1159971422,-.25768688,-.0514718743641637
1159971462,-.25768688,-.0514718743641637
1160018886,-.21212333,.0098824111948002
1160019616,.65757334,.0400894443528532
1160080138,.96049285,-.0076603682121139
1160114174,-.29445693,-.0224314423444195
1160161764,.35447964,.036306762264153
1160216124,.33586955,-.0041140383964287
1160243462,-1.0862114,-.016638918208626
1160250126,3.1965129,-.1364897083373667
1160250178,.28919381,.0256972810954262
1160263728,1.1021478,.057730919575785
1160352176,.15092872,.0680795327817528
1160358964,-.83700627,.0046941981458218
1160420162,-.063135006,-.2091650044704821
1160474536,.36992502,.0509379543941418
1160528930,1.0923175,.0484710776904019
1160535776,.14553779,.0315585207631313
1160535778,.42234761,-.0973166431648275
1160678526,.47661054,-.0794020746428622
1160698968,-.16627072,-.0389402911663793
1160773768,.54330271,-.0322608782585096
1160834926,.46471474,.0939073901751264
1160841696,-.69380093,-.0513915435225852
1160862456,-.081947535,-.0045744049686062
1160869006,.50383466,-.0099895287365639
1160923334,-.59644353,.0310162146228746
1160930176,.58910835,.0837396989289027
1161066214,.61117303,.0300487890155174
1161154532,.49420291,.0348322437291033
1161168164,.16494395,-.0350168710575977
1161202214,-.33603805,-.0545647799952087
1161236178,.92379141,-.0029178463505495
1161297414,-.34039414,-.0092627416036181
1161331290,.25413817,.0054124017755123
1161508166,.31558362,-.00468300851979
1161514962,-.18410607,.0832973854077769
1161651004,.020851918,-.1070533099120304
1161746162,.52099162,-.2181470416565993
1161753010,-.58505565,-.015217990380795
1161888974,.82883233,.0150675835813452
1162011402,.57878011,.0494567419044784
1162038570,.41235638,.0572583490578988
1162045404,-.37672457,.0677275498519703
1162045444,-.26625258,.0646177948153929
1162086128,.32461703,.0210139274103904
1162127008,.33312252,.0559188287151991
1162290162,.63669431,.0369435576329058
1162419322,-.6892361,.034348720093848
1162664248,-.31923446,-.0220322045280938
1162684566,.46397072,-.0507403029676244
1162800288,-.4771516,-.0739561766947992
1162936128,-.39038864,-.0155051468919791
1163072246,-.56119841,-.0045287567241541
1163112966,-.55707705,-.1200055507127199
1163276202,-.6731661,-.0296653283241027
1163296646,-.45799747,-.0414706476627733
1163357772,.15369882,-.0384264928119207
1163364562,.61277503,.0379457276602517
1163432612,-.43455425,-.0300992882302496
1163439442,.02963989,-.064697281030312
1163453606,.60746855,.062981376664205
1163589052,-.25772631,-.0182750485818787
1163847372,.076151825,.0243456194141532
1163922166,-.24850972,-.1139838574563565
1163976562,-.44433129,-.0025733423563792
1164078524,1.0436783,.0327388433360798
1164126162,.6537894,.0817102830698669
1164194164,-.28679612,-.0149701996984125
1164194204,-.17632413,-.0105109266986778
1164561324,1.0442625,.0167914133280319
1164853724,.54984164,.0110097409905901
1168328570,.06238332,-.0243833088193241
1170327850,-.70588607,.0226678483298123
1170327850,-1.2948624,.0226678483298123
1172265810,-.23081276,-.0244545620656025
1172598890,.30036479,-.0310518166135124
1172952570,-.24131298,-.0891684505383296
1173020570,-.055465277,.0368111702938129
1175448130,-.023792515,.0310003720834427
1224018383,-.22777872,-.0495466182645093
1224080935,-.44573611,-.0250028290742778
1224149772,.007428511,.0215892590810452
1224174779,-.14437638,-.0404367251347688
1224176888,-.38284764,.0412924858521504
1224215579,.024621168,-.0154539631770733
1224258411,-.80863988,-.0143049955094179
1224310779,.47984955,.0825254426381541
1224313499,.24138391,-.0075725849836631
1224333895,1.2218844,-.0150249001086839
1224432503,.31834358,.0307971300903205
1224442204,-.90617651,-.0348937923821509
1224476772,-.68918985,.0034619883037411
1224554895,.96214658,-.0436832757933731
1224557808,.16801298,.0061269983001218
1224603855,.50362992,-.0676386253241691
1224612162,-.062368818,.014602851862712
1224652819,.94973612,-.0024088517434013
1224673330,.74581009,-.0127951348679926
1224705175,-.20452791,-.0000234721098638
1224727770,-.067238204,-.213618768183714
1224768522,-.65319264,.0374780567978386
1224802540,.72701085,-.0175597694114566
1224820099,.0002121764,-.1551849401550408
1224822974,-.28815508,.1135285801679696
1224943867,.24151066,-.0020446286825474
1224979366,-.95104969,-.0031084549299103
1224986808,.19110459,-.1082311443518064
1225023415,.24385555,-.0290690222491326
1225099575,-.85024333,-.0576346206023295
1225110467,-.21172103,-.0702193058356012
1225231495,.51381147,.0779789419209237
1225264942,-.40061691,.0081514386078104
1225272362,-.39547515,.0474830059354059
1225285342,.4898054,-.0107094488804546
1225336899,-.76900494,-.0265009640345226
1225339766,.00628471,.0040175204648227
1225339766,.10596804,.0040175204648227
1225340323,-1.037655,-.0320379151617875
1225400924,.059590127,.0125874120103655
1225422583,-1.0198421,-.0170564254009865
1225489324,-.35456067,-.0126066301441545
1225489324,-.34872821,-.0126066301441545
1225536976,-.17852138,-.027974915521745
1225598126,-.0080690263,.0464694026098512
1225645732,.12173621,.0015869546311594
1225666180,-.57257921,.0058943830141934
1225672934,.35624743,.0734367320714281
1225717695,.16576423,-.0094649114186505
1225717707,.19326222,.0021785333284124
1225717707,-.75675833,.0021785333284124
1225734220,.73721224,.0072910698951777
1225754532,.30411974,-.0581553490447671
1225765987,-.082897037,.0524444931974282
1225788606,-.1063987,.1263201853905822
1225799983,-.25971368,-.1382164041627035
1225849762,-.33926845,.1019006044886146
1225863406,-.5334726,-.0103784590320316
1225889743,-.38025957,-.0557712306615143
1225904164,1.2701563,.0521665987919278
1225910147,-.40922847,-.0317079584190192
1225910962,-.18016575,-.024805742326088
1225944934,-.38014331,-.0355519226591579
1225985728,.34476048,.0009082029934458
1226021667,.91458666,-.0929148466821526
1226053702,-.056313619,-.0225416574237168
1226080972,.12269606,-.0668954757237322
1226148890,-.22197473,-.0569305516010622
1226148930,-.22197473,-.0569305516010622
1226165139,.30368149,-.0801514780566938
1226210166,.47152236,.0814249555908976
1226278086,-.38171807,.0055638359141601
1226284922,.76878089,.0700894927610108
1226318968,.70133489,.0589675747758455
1226448126,.69688225,-.0532764289551849
1226468522,-.36476958,-.0351023548430529
1226518739,.28976041,-.1155955243598067
1226556964,-.32138544,-.0298000440041084
1226585375,.074651629,.0396366808796238
1226631736,.26259729,-.0235949820779381
1226645380,-.15292504,-.025739514591348
1226679324,.68596017,.0639364585863863
1226736351,-.74431896,.0329067000580161
1226747402,.4206771,.0323783950044534
1226937728,-.22048029,-.0253486244833107
1226937766,-.20050086,-.0315826604592236
1226964940,.55549932,-.0266729289983316
1226998972,-.0044320752,-.0089942042069153
1226999602,-.11424526,-.056801273023747
1227039762,.85649449,.0041936892730548
1227039772,-.056785155,.0032936775240391
1227046562,.7756635,-.020983056372484
1227270966,.054098956,-.0495697149209459
1227406942,-3.3657253,.0018193421004788
1227441088,.29186052,-.0242885493031368
1227597326,.95837802,-.0446803157870885
1227604166,-.69249725,.0218432622331313
1227638172,.49515966,.0030406866244199
1227760570,.54663843,-.0069083041731636
1227814962,-.64622611,-.0238714928956451
1227835286,-.038652238,.0308652640023089
1227842130,1.5730203,.0343899698244408
1227910210,-.19180477,-.0031535792156973
1227917010,.11033175,-.0001175457097894
1227957844,-.28681034,-.0192684581681989
1227957844,-.35397515,-.0192684581681989
1227998528,-.075200588,.0196864875948923
1228053004,.46235994,.0192817898278182
1228161766,.47910273,.1622763896545037
1228243362,.54600382,.0302728121038135
1228270522,.71160966,.1340412403991062
1228284500,-.15771393,-.0651769073352832
1228379362,.21883631,.0828569865445861
1228413982,.15097518,.0289412344823977
1228474580,.086891569,.0326471614553292
1228494964,-.1055292,.0307545598243972
1228495608,-.21854293,.0112575026391852
1228535766,-1.1414434,.00266952597954
1228583326,.56353265,-.0466655156304825
1228590124,.88122165,.0181167390809306
1228617322,.4337045,.0225379528878781
1228644562,.38965511,-.0002825403070502
1228664972,.47883999,.0183133363207764
1228671808,-.063202128,-.0535371121643017
1228705858,.45254177,-.0421702786294047
1228773822,.18247308,-.0051812100497277
1228916568,-.24060158,.0373317934772276
1228916568,-.16987902,.0373317934772276
1228916608,-.24060158,.0373317934772276
1228916608,-.16987902,.0373317934772276
1228991368,-.32533348,-.0557964465756511
1229005102,-.47361958,.0181736095338036
1229079780,-.4023377,-.0507925179505481
1229127326,.0033156567,.0167067228746475
1229127454,-.57274872,-.0050406252863361
1229147804,1.4783473,.0587354447986019
1229161334,-.41847456,-.0780160020490514
1229181736,-.37803173,.1353154602572524
1229202206,.33582798,-.0360688988757111
1229358534,1.1050196,.060308273760445
1229494574,.17941409,.0072196906355792
1229508122,.38827229,.0203319786894119
1229549058,-.79226804,-.0353176595170245
1229555900,.0019643342,-.0261240802317036
1229569324,.029378459,-.0000959034491704
1229569454,-.21090752,-.0080944181993455
1229610218,-.33731854,.0046715611953505
1229664526,-1.0080349,.02440577453827
1229665164,-.34801641,.0020845675436477
1229698890,-.3152281,-.0891592282843098
1229882166,-.038448665,.0024134763567072
1229963886,.54661846,.0435786084455964
1229997764,.7852425,-.001035042096529
1230038522,.27137929,.0198748805191092
1230058922,.58451742,.0034035309185111
1230092966,-.11309373,-.0268400207827428
1230167972,.013148436,.0002361605300313
1230168012,.013148436,.0002361605300313
1230174538,.18611334,.0262653843866569
1230269764,.53638095,.00099065106223
1230392290,-.27449742,-.0272717200130239
1230432972,.72991693,.0315074667318528
1230433012,.85326493,.0015193377023766
1230433048,-1.2533447,.0202794073251692
1230473812,-.39902091,-.0311719556037417
1230473816,-1.1931789,-.0081844308281377
1230507804,.38707104,-.0473418877708329
1230507804,.35587958,-.0473418877708329
1230534922,-.35446736,.028321631650199
1230548608,-.089717813,-.0011688256561416
1230562446,-.99877727,.0139851795417791
1230711772,-.19850288,.0316330865298373
1230779808,.014640722,-.0006869033454223
1230779854,.51389557,-.0647564866884382
1230807052,-.80008709,-.089933993583077
1230820566,1.0064567,.0860565443183443
1230888648,-.59337479,-.0400661933779201
1230990604,-.62052393,-.0320896519751893
1231004286,.091961533,-.0490559558898523
1231004326,.091961533,-.0490559558898523
1231011204,-1.0328947,-.0056638770535803
1231017762,.65041566,-.0215186955273683
1231045046,.083746828,-.1186243047008444
1231065322,.55684632,.1051198219783513
1231072174,-.28134215,-.0013987713858989
1231106214,-.31884235,.0398941516531032
1231215012,.63899088,-.0867601870050216
1231235442,-.63119507,-.0351331481754277
1231248968,.19499598,.0620361485526736
1231262568,-.030320533,.0152228484795815
1231262604,.65536678,.0403248832362932
1231323762,-.075304098,.0054258646888304
1231398574,.34537354,-.0972247244972671
1231398606,.084411174,-.0964267064436493
1231439368,.041986458,-.0220772171430643
1231480244,.10486545,-.0239164547341562
1231541326,.53302157,.0320979094646852
1231575286,-.74035555,.0910033472277418
1231602532,.62315023,.0389407389480543
1231602532,.27547571,.0389407389480543
1231602566,-.19346596,-.0482464813190096
1231622972,.70231158,.0219842935985837
1231840724,-.33782512,.0187806732943303
1231895124,-.0055387891,.0439586149609073
1231997002,.42684123,-.0045384437356286
1232187402,-.83606899,.0109497286538915
1232241762,-.40246731,-.0561581640712549
1232609004,-.61344928,-.0407683365696364
1232656604,-.2040465,-.0175854260718269
1235390170,.18024702,-.0772048670979203
1235390170,.3420715,-.0772048670979203
1235764170,-.40886822,-.0645532714753531
1235825410,-.405563,-.041170292624515
1235920530,-.58498597,.0282283677067758
1238946610,-.20733514,.077124476983246
1239375010,.3241252,.0198957276526456
1243366570,.33419803,.0414096961558056
1243366570,.19614178,.0414096961558056
1292047736,.0021623606,-.0342094088265543
1292047782,-.47755331,.0161235993821113
1292054538,.27742562,.0096011285274966
1292055795,-.26022649,-.017800946639168
1292065979,-.047557913,-.0130754584872721
1292102126,.46952951,.016483904511038
1292102174,-.17723864,.0749151504083102
1292116979,.88430536,.0460003865295987
1292122530,1.0878694,.0016251783944652
1292127859,.5553329,.049398637629764
1292148255,-.28015009,-.1009808305825214
1292223059,1.2765293,.0725820890621138
1292279503,-.29824471,-.0358273258672895
1292306130,-.54560167,-.009826308937386
1292306130,.061221369,-.009826308937386
1292326570,-.30387083,-.014193536655772
1292326570,-.19342604,-.014193536655772
1292435326,-.17776632,-.0270227858005866
1292441347,-.35617706,-.0129876100010999
1292496608,.33015752,.0443135132882019
1292523816,-.11512085,.0111766969709259
1292530576,.60370052,-.0612152695359201
1292557804,-.19980806,.0076023611614057
1292584135,.27658913,-.0062306117739456
1292590947,-.20894597,.0371598985117311
1292591776,.7980209,.027652771378795
1292597739,.41352057,.0213588336414714
1292612015,.67384434,.0108634098444563
1292646168,-.073095024,-.1430085910018856
1292659770,.59041327,-.0377717546205237
1292666530,1.1381898,-.064285003524324
1292679339,-.063283496,-.0397685807166577
1292680172,.36410564,-.023947735658036
1292680172,.63888931,-.023947735658036
1292688855,-2.0330317,.1990162994439299
1292741328,.58581877,.00528973262966
1292748130,1.1501474,.0237694336948567
1292748132,.58531332,.0138564933764833
1292780655,.51081014,.0002740148962454
1292789495,1.2076553,.1025563341006968
1292836536,.086724386,-.0050937003580165
1292897780,.26594189,.0081137607636858
1292913259,.28630549,.0312152191764889
1292923455,.52969444,.0420670654303804
1293040411,-.41393003,-.0757022151535682
1293073055,.98361015,.0040876113889792
1293081219,-.38976869,.0494211715717462
1293240339,.16479325,-.0171783412089776
1293264974,.46180519,.0942108796937251
1293302219,.57722455,.0877575690212747
1293302895,1.0166532,.1147787592893288
1293321935,-.60014081,.0192386543752791
1293332819,-.12450052,-.0093786833426687
1293367004,-.085833333,-.0016897830031619
1293462176,-.26285464,-.0074004918538068
1293465419,-.28368795,-.1034442851309596
1293510004,-.10911477,-.0303875834283556
1293570928,.4333449,.0961054227444118
1293608219,.40435824,.0493839240171793
1293639054,-.67052519,.0043428583858221
1293652568,-.12262064,.0172431088054951
1293672976,.29633626,.0349918714367367
1293710223,1.006368,-.0134406136346253
1293774940,.29495421,.0065744383226085
1293809010,-.31462935,-.0404082458612903
1293812215,.099102095,-.012073496385792
1293826499,-1.151611,.0487871736122335
1293841455,.58862346,.053772753764994
1293842964,.43710086,.0540469326712782
1293863219,-.29951391,.0195007844075263
1293880903,.000063876658,.0031506629169498
1293924528,.094079845,-.0202963211686726
1294019774,-.031998534,-.0098002636614154
1294060568,-.026473152,.0265185787293777
1294080930,.67341286,.0282249813477268
1294169340,.6401785,.067021155917487
1294186215,-2.8925493,.0538863350168108
1294272579,-.02188679,-.0712722777887856
1294273259,.18662649,.0746554505177239
1294312210,-.2086309,-.0048980880935289
1294318922,.15159823,.0179766089743532
1294380019,-4.4289446,-.0014955630898373
1294380019,.10670717,-.0014955630898373
1294434564,-.49447858,-.0636253225391725
1294448802,-.32782772,.0259802052498172
1294486783,.369241,-.1099098462904091
1294488928,-.38939017,.052920432970878
1294499699,-.27277708,.0076805354600077
1294597732,.59706372,.0058872697608495
1294625052,-.33361241,-.0128786933892986
1294733882,-.086219944,-.0497105871420471
1294808568,-2.1488588,.0464576477699307
1294828966,-.55085081,-.0555387212794178
1294842580,.45362601,.0013580868646448
1294862930,.020123135,.0045493243322527
1294869772,-.18557848,.0041521728471329
1294917418,-.0029081022,.0126971003565665
1294951322,.0190663,-.0103082202756553
1294965082,-.32739675,.0495671368584775
1294965082,-.30944654,.0495671368584775
1295087380,-.19679096,.021545244376669
1295087420,-.19679096,.021545244376669
1295189404,.19241157,.0097688918036606
1295474924,-.066853866,-.0140261921886666
1295481740,-.38712969,.0178646491498592
1295502136,-.089530148,-.0008703578006354
1295576926,-.61047184,.0021114871444738
1295583804,-.19819416,-.0434980407406227
1295590568,1.1646389,.012724504069705
1295740204,.10509378,.0148885993597316
1295767442,.092760965,-.0471503387131167
1295801364,-.091066554,.0286150924257929
1295903366,-.10592696,-.0084606761807216
1295910164,-.21831264,-.007978947701084
1296114286,.18955076,.0470944942766445
1296358964,.29085881,.1385103614211935
1296420172,.22512734,.0843516711935862
1296426982,-2.9649527,-.0067131879176306
1296549526,.46681869,.0190192318141249
1296637736,.20753303,-.0029236876055169
1296658182,-.209969,-.0005806867459932
1296733060,-.48928598,-.0048373458790597
1296868922,1.2101986,.1492129960415796
1296923370,.51728332,.041446975552639
1296930202,-.42922124,.0101768116978126
1296943764,.49692267,.0678898364316576
1297168202,-.41369992,-.0068295924048321
1297174938,-3.3316958,-.0641296404119552
1297209054,-.48239326,.0075146514228443
1297276962,-.28247231,-.0025345524564953
1297324526,.78203088,-.0108855342558685
1297324538,1.0024573,.0357657039773483
1297406208,-.17251001,.0563743952067505
1297447016,.51418048,.0163268802798369
1297460564,-.38923177,.0278842508624976
1297494616,-1.1369247,-.0522139008936413
1297494616,-.84150398,-.0522139008936413
1297678252,.75443453,-.010301285210927
1297780162,.68458873,.1055632963916032
1297787002,1.1183101,.0045583800789691
1297793764,.63730282,.0806794374856101
1297793850,.16968001,-.0252885849650488
1297800562,.26274541,-.0125314923725476
1297834610,.54721427,.0921768118032525
1297929818,.88913369,.0695324946462119
1298072564,-.13232128,.0536362290990174
1298201722,.2057436,.0271173221591
1298235776,.82359278,.0678769346436033
1298310574,-.72682548,-.033966069590184
1298351408,.62267953,-.1087756806486178
1298412572,.43200374,.0507676605212707
1298419372,.51074398,-.0058364514131551
1298630176,.98189187,.0101698121291922
1298650576,.1252341,.0412840510955129
1298793328,-.08582215,.0193260716940735
1298868122,.21205699,-.0309726324929047
1298915762,.3240203,.1055596950868972
1298943006,.66119325,-.0245763524765781
1298949734,-.61170352,.0931418820116253
1298990686,.66833299,-.0301204062579399
1299065374,-1.5427905,.0503818249647723
1299065374,.5008269,.0503818249647723
1299112966,1.032637,.0088466902761094
1299194564,.17641586,.0273096338427733
1299398606,-.59530729,-.0477045183157379
1299446162,-.17441344,-.0050817855294913
1299480162,-.17427617,.0117718307794902
1299752202,.1252725,.0340930839445376
1299786204,-.30928287,.0575132124911882
1299826964,.76816726,.0754358784292056
1299827006,.20061196,-.0833317778576953
1299840566,-.22166994,.0020230885261892
1299894964,-.26374218,-.0005035122495508
1300194242,-.10065518,-.1339194694648007
1300228522,-.90367657,.0716045944576057
1302696650,.17949905,-.0093039345806085
1306164610,.22207166,-.0095943095092198
1306463770,-.57634217,-.0115511304374393
1308619450,-.34753069,-.0074032422791273
1310013370,-.23474662,-.0342884017435956
1310312530,.72627735,.0044544870903374
1310496130,.91176283,.0983092651394858
1310666130,.88200051,-.0215004563044661
1360010899,.21015021,.0006893121740942
1360088540,.79314363,.0156357027081425
1360121059,.23709317,.0334613223420873
1360142890,-.18207791,-.0900202269841221
1360155059,.55148149,.0053545792700732
1360218303,-.18096533,-.0037483356179501
1360231366,.016470036,.0147199443174087
1360360654,.12718542,.0439849327137796
1360399175,-.47996292,-.0005628213618351
1360415006,-.22953171,-.0595330879884505
1360490991,1.1684041,-.0434257121665245
1360557728,.47902569,.0544578022546176
1360557728,.40353662,.0544578022546176
1360622219,.31654555,.1097185973715711
1360650095,.35661513,-.0084098707700462
1360653002,-.086696051,.0538063705336205
1360666700,.000034662844,.0038465629339042
1360687014,.076548204,.0281622316991798
1360727858,.047776151,-.0368193938792717
1360775404,.13795765,-.0043996686269983
1360802604,-.51814884,-.020971122797624
1360809454,-.1288451,.0217977071356189
1360823002,-.019688906,.0537540916827026
1360829814,.28489366,.0067440114162505
1360843368,.015145885,.0156732482708015
1360890940,.29249606,-.0184246574400249
1360911494,-.32168117,-.0030840942828762
1360911494,.10973957,-.0030840942828762
1360990091,-.021166028,.0202292167150707
1361094922,-.52127081,.0257169101277659
1361095048,-.31872728,.0294000536252534
1361109099,.0069511174,.0365918442424202
1361135619,-.22520146,-.0577020961710665
1361166891,-1.4469848,.0675652507254209
1361203764,-.11929718,.0295603679322719
1361213819,-.82920796,-.0327302216310726
1361278602,-.48941597,.0162220883674473
1361285324,-.35471603,.0340327495891566
1361285362,-.27828354,-.0209736701003917
1361360140,.52131718,.0066270839671093
1361366938,.017728154,-.0347836501617018
1361366982,-.014874835,.0110028160574946
1361398779,-.1479588,.0188278968616888
1361428122,.7789802,.0404676204090186
1361448570,-.41453794,-.0256727153190033
1361578382,.23850764,-.0068629938058046
1361591418,-.23608603,.0471835665270967
1361659368,.12893867,.0064309958683448
1361727219,-.27267903,-.0188426545222478
1361747728,-.31950113,-.0000529535559278
1361775002,-.14852853,-.041700459783755
1361802802,.49302137,-.0014650285741889
1361822540,1.232971,-.0106159703923577
1361822580,1.1580679,-.002829360031303
1361829366,.82182074,.0558331993342188
1361829502,.047420379,.0060420730603892
1361883772,-.16386092,-.0272205199946574
1361899939,-.16674519,-.0856426803537549
1361904202,.090664096,.0042268152417094
1361965374,.11586066,-.0248288107037984
1361965374,.27368805,-.0248288107037984
1362006126,-.45640805,.0596443649314762
1362019724,-.7117281,-.0080874886662739
1362019780,-.053149283,-.005003844151765
1362100539,-.04658775,-.0035477139159317
1362108168,-.29107746,.0446237339242085
1362121778,.72087246,.0357027130569937
1362128648,.11405604,-.0108290333920896
1362135322,.34033147,.0671877375547962
1362142210,.71075469,-.0255354367841371
1362144212,.2398359,.0098960476893054
1362159015,.21779543,.0074894959458245
1362159019,.21779543,.0074894959458245
1362176695,-.35133058,.0305267684063022
1362182936,.20975146,.0225251052807796
1362216962,.69993424,.0964184397687173
1362338535,.6058256,.0168255586961001
1362339448,.20572557,.0304238591897742
1362339486,.26882219,-.0843311903595115
1362340571,-2.0254147,.03619502753012
1362359734,-.06862323,.0133657983069692
1362359734,.029774325,.0133657983069692
1362488924,.24737044,-.033963489903912
1362509330,.58603674,.0025896399940999
1362509404,.14783826,-.0472103269544984
1362550222,.38662478,.0063935708972888
1362591002,.30996031,.0300023531248347
1362645330,.96258211,.0483410219691976
1362760962,.32532233,-.0685271868481306
1362774616,.26173383,-.0214816063192986
1362774616,.65382069,-.0214816063192986
1362835804,-.35971192,-.0114062029409394
1362856142,.28003088,.0062468367620865
1362869882,.86159563,-.0870073195872038
1362930938,1.1153213,-.0298786397293483
1362978724,1.4370848,-.0819690443526959
1362992122,.50752145,.0032705440139273
1363073814,1.6700822,.0558790748646443
1363087456,.59354079,.062582948571294
1363155448,-.24174269,-.0199341078610143
1363162172,.18741518,-.0135839796684507
1363379730,.66083473,.0018022491574532
1363468176,-.028001286,-.0207393640299632
1363508964,.19264643,.0049552412351247
1363611014,.039965823,-.0088625883292523
1363631366,-.64258754,-.0032369080882699
1363631406,-.64258754,-.0032369080882699
1363767410,.3436799,.0536291575422926
1363910166,.50965464,.0955802171674482
1363950970,.032232165,-.0204774394556678
1364005322,.4045479,.088754905604795
1364052940,.38019294,.0398515319307009
1364188962,1.0539751,.1799496053190145
1364195982,-.24950458,-.0056613218682281
1364216174,.29814875,.0275957513284657
1364290942,.098415665,.0100513988434954
1364386292,-.27211359,-.0073812401354739
1364393136,.13100448,.0432775714683907
1364393136,-.17000882,.0432775714683907
1364474650,-.12075636,-.0093294331398806
1364556166,-.40229213,.1059786915075732
1364583444,.088789038,.0189151002006802
1364678538,.2181017,.0432081709565296
1364685322,.51795971,.0648766428341517
1364739780,.17341447,.0046961374178764
1364746536,.59697294,-.000354614638956
1364773762,.3642354,.0033013965557061
1364814528,-.023061272,.0234382262159063
1364821538,-.0029276912,-.0047510547074156
1364834924,.80253482,-.0051067036724057
1364868976,.66945994,-.1418493998895173
1364902922,-.08879514,-.0138133816669392
1365039022,-.11540174,-.0224812384791868
1365093364,-.20093076,.0780620736621749
1365195322,.6449281,.0153094214040714
1365385738,1.4509823,.2585628343160896
1365433418,-.1722884,-.0429043452521624
1365447096,-.23265438,-.0627824439024366
1365480924,.37162641,.0635057422562037
1365521766,.54301256,.0771372020663744
1365542252,-.53534508,-.0709155704096033
1365576126,.73672223,.0646395783448771
1365787004,-.28639311,-.0045624978301773
1365936524,.57896101,.073371696688268
1365970562,.23054835,.0243519091923167
1365984208,-.34920859,-.0954308403045317
1366046004,.51580739,.0130289854802641
1366120168,-.50257641,.0227567319850057
1366351414,-1.5911094,-.0493749816463274
1366460202,-.60567468,-.0092482778875734
1366480608,.65759432,-.01766010728558
1366507804,.14157423,.0187749347436666
1366562286,.13355884,.0301611585545641
1366562292,-.77220726,.0071941323574722
1366575724,.28613809,.0394841899662589
1366704962,-.28428167,-.0774645517383095
1366766206,-.26239315,-.0883304947901124
1366772962,-.12016673,-.072453797828479
1366779806,-.22658919,-.0189575031907788
1367004204,-.5055753,-.1331223365108424
1367010962,.75248247,-.0198943176255074
1367133362,.11795282,-.0202184798505719
1367296564,-.22170885,-.1045382261127028
1367303364,-.026099719,-.0096179180102938
1367425722,.20973624,-.0074316408174553
1367575522,-.76573622,-.0903165669206271
1367813404,.29563761,.0969355321979929
1367874604,-.5925321,.0167304001321348
1370771450,-1.0103666,-.0917072333487947
1371301690,-.65560883,-.0768405076448799
1372478250,.73506242,.0076606405107684
1374164570,.1405721,.0735000562801268
1374280170,.53898674,.1047914800961892
1374606570,.23821621,-.0120427684504868
1376898290,-.16563904,-.0328618514598606
1378040610,-.13455324,-.0237334081775696
1428095899,.15372072,-.0299620334713308
1428129332,-.36278993,-.0243445125733157
1428129332,.30765975,-.0243445125733157
1428218299,-1.1227274,.0246908157345412
1428275415,.17003359,.0071315151919987
1428316215,.65612376,.0631558015498734
1428325055,.51330453,.009788736641258
1428346962,-.36943424,-.0160408547557371
1428360542,.99056959,.0168382688841583
1428374703,-.1637062,.0028145301748555
1428378095,.19061302,.035086767128847
1428448934,1.0260541,-.0354351355804377
1428469288,-.43709919,-.0092317465102716
1428489764,-.4243027,-.0175275845714401
1428532455,.015337478,-.0085686643238236
1428537448,-.22508323,-.0432306763890398
1428548775,.72001761,-.0056369706183551
1428578711,-.027774274,.024749863986107
1428579379,.6333608,.0666263787754462
1428631739,-.006290148,-.0235225383073842
1428632604,.18757765,-.0450361814821834
1428650779,1.168134,-.0123607358521295
1428720966,.17633939,.0075035581576897
1428727842,.077516988,-.053334900155774
1428727842,.49017367,-.053334900155774
1428768566,.70226783,-.0603123026920852
1428771815,.40827483,-.0334022088595293
1428812611,-.22610818,-.002209137894048
1428829736,-.18828577,.097789418802831
1428843338,.51963866,-.0016064626596411
1428856982,.052212957,.0131145754773405
1428881295,.7558502,.0335722354992619
1428881299,.7558502,.0335722354992619
1428928907,-.057263624,-.0115824437653968
1428928911,-.057263624,-.0115824437653968
1428995543,-.20428495,-.0024492274883271
1429016619,-.095466614,.0635698748782879
1429026819,-.22492839,.0307684127395049
1429101736,.5954119,.0409561280676105
1429142568,.18415315,.0474347556772412
1429156088,-.9233042,.0764586790799068
1429156699,-.33134967,.0128488899355696
1429186619,.096696533,.0534740686830986
1429218575,-.28215721,.0132329532507345
1429231006,.38530537,-.0053199365797541
1429244582,.43319935,-.0021499033602583
1429259379,-.33962357,.0022047877662871
1429317179,.79219621,-.0379025037258778
1429319324,.065862618,.0516400918663519
1429362059,.65736556,.0819656907055767
1429407766,.066562332,.0251134187941657
1429441722,.28897101,-.0088985220359785
1429448568,-.11660253,-.0443487175561699
1429496164,.18592094,-.0154917934540533
1429516658,-.96284455,-.0416038291425692
1429543844,.82550365,.0421011167951391
1429544999,-.66297418,.0028760383537523
1429545007,-.63547617,-.0688534807998139
1429577734,.59720653,.0402615065520829
1429577736,-.024660749,-.0157973722923909
1429591338,.44961363,-.0080712856755023
1429598122,.13502079,-.0468568431531604
1429621151,-.79167116,.0070250867428598
1429632178,.55099922,.0814896566420043
1429640175,-.79823464,.0024026575952707
1429692547,-.13200909,-.0655149356427368
1429739483,-.1369708,.0183877659223083
1429742187,-.39773905,-.0390080445604513
1429754528,.27944344,.0450660874899696
1429754570,.73599249,.0746752565394879
1429822526,.45771226,.0911055281917377
1429842815,.67497075,.0544363777306629
1429931368,.19667894,.0131458758499068
1429963179,-1.7005155,.0117927846004495
1429985722,-.45843747,.0807375700192408
1430033334,.53361028,.1078708695109674
1430040166,-.93850291,.0071407606234343
1430053772,-.38862562,-.0640021051815798
1430067336,-.21252626,.0034374822809846
1430076059,-.070154041,-.0864684107667743
1430183054,.41824353,.0325519177870359
1430224303,-.60668832,.0184031170508938
1430319050,-.32451168,-.0696200562364695
1430319090,-.2801497,-.0241780934200152
1430470463,-.38805997,-.0393707033265859
1430482162,-.53962916,-.0449912154661402
1430488964,-.071966395,.0000191088402636
1430489098,.26682898,-.0042939058224151
1430509376,.35649219,-.0025104339337172
1430543227,-.45050666,.0365370357071348
1430590968,.39335096,-.0270954489721957
1430590968,.090791829,-.0270954489721957
1430618166,.097032562,-.0541928538560059
1430618180,-.37423262,.0732024070333453
1430740644,.68820292,.0154579076802817
1430740644,-.16417478,.0154579076802817
1430788178,.90338606,-.0025775364963116
1430815406,.46453869,-.0295196553777523
1430917362,.39459702,-.0062636738032721
1430951366,.57379574,.0176814207797052
1431012542,-.017623283,.0061698543298279
1431066922,1.0125091,.0931937260849133
1431066976,.66900569,.038410999749144
1431067018,.20506984,.013617329311245
1431094174,.96070504,.0471712243062158
1431148494,-.057786137,.0121300239695853
1431277734,.44196582,.0662172177305403
1431284540,.13656695,-.0070627899149271
1431318644,-.50406069,.0111418236060642
1431454524,.75528616,.0160658585268215
1431502130,1.4787004,.0594740344719652
1431515724,.7580241,.0842862270208864
1431522568,-.33864865,-.0294327850473784
1431529322,.84789956,.1101128643477827
1431542924,.19936839,.0193469459752216
1431542982,-.19658254,.0063729937731669
1431617806,-.04547042,.0132325543201286
1431631326,.49872857,.0315872113982629
1431644932,.62567449,.04635920078204
1431645056,.1154722,-.0063017125148217
1431780940,.038188856,-.0043793104077346
1431808124,1.1609906,.1252317115982805
1431842166,-.075443298,-.0194083476782359
1431869372,.26719177,-.0016008497574122
1431944168,1.3089689,.1063080018432578
1431957730,.68808579,-.0220230389571001
1431971376,.47039682,.0323081032625812
1432005482,.033834301,.0153439081500342
1432066566,-.059485454,.0523374511411672
1432168522,.50909084,.0120547266428902
1432290974,.47536522,.056351803552425
1432318212,.41804105,-.0202946348166335
1432372660,-.70733821,.0235147320433753
1432467818,.55650854,.0215436606584224
1432508528,-.5332005,.0135286870323999
1432522124,1.5363581,.0613291170461235
1432522168,.6229015,.0019585503212725
1432611216,-1.5736403,-.0588261522387082
1432637780,-.11585844,-.0898208812482139
1432671732,.86888254,.0198711303664716
1432692172,1.0087947,.0601994439591538
1432794220,-.63585585,.0648603976978417
1432862126,.62535822,.0060869701603924
1432875774,.064176403,.0045858877693267
1433134178,-.7205416,-.0433878736256676
1433181728,.91258377,.0520634237881065
1433195362,-.25121117,-.0028061396739883
1433209004,-.4809089,.0086364306042645
1433236168,.51595926,.0316276822584752
1433236168,.63420784,.0316276822584752
1433331328,1.0216578,.0690593595532241
1433345218,-.3268621,-.0034919059520677
1433399380,-.15041678,.0540603851848437
1433495212,-.3624216,-.0049754251360383
1433521774,-.3346628,-.0371490118178511
1433616926,.43832254,.0516847140435648
1433841366,.63874316,.0891903245775117
1433842054,-.85441959,-.1334143316797188
1433855562,-.06942758,.022700221362449
1433882176,-.27981478,-.0277666014203248
1433888938,.23764062,.0151832239420257
1434107212,-.025759425,.0071143625725142
1434113334,-.23856041,-.0904955110894028
1434181448,-.070556425,-.0523933293145729
1434208656,-.22779624,-.0094076996360762
1434249416,-.4274883,.0298975832634213
1434256244,-.088433973,.0365519354850797
1434276566,-.0012794554,.1362902632980167
1434276566,-.17491835,.1362902632980167
1434283284,-.16672239,-.0135153060477287
1434364968,-.10607312,.040025101458337
1434378734,-.53981721,-.0180069554946277
1434412604,-.30678403,.0643466948576371
1434419322,-.16338558,.0932554582799268
1434609848,-.5967418,-.0309865807199592
1434610490,-.40460831,.0001969936183523
1434657332,-.43197691,-.0020712141912501
1434691402,.39938453,-.0024501853254348
1434725414,-.41229317,-.0507314052255216
1434739002,.58692509,.0006026641067626
1434820604,-.26400024,-.0223202510330171
1434895366,-.36209428,.0065080191455588
1434943046,-.09669891,-.0154809275057072
1435031362,-.77836508,-.0623996635941354
1435051728,-.15011442,.0352303514134274
1435051806,-.035640672,-.0265351776828828
1435119772,-2.2227745,.0147614405936407
1435119812,-2.0994265,.0125900575654612
1435276166,.81876343,.0064295743647065
1435568602,-.71756315,-.0094804299801077
1435623642,-.21693292,-.0647492506698471
1435901804,-.040020276,.0637796502375712
1435915324,-.44108236,-.0589474007736186
1435915324,-.30663583,-.0589474007736186
1436031044,-.16819422,-.0951421625848547
1436086044,-.91380274,.0131342815472098
1436439044,.98282552,.0305376018780966
1441484490,-.48143291,-.0007596272988138
1441851770,-.16991448,-.0192153015963801
1444993370,-.075315535,.0173318718526348
1446013370,1.7894837,-.041884174720035
1447699930,-.42944574,-.0108177795447612
1496054616,.41434979,.012280572477384
1496054658,.29175088,.0106012843904295
1496075495,-.31390536,.0168644602957402
1496088564,-.21378623,.0579322645988722
1496102242,.24274698,.0379258017733076
1496118335,.28381082,.0478724135741002
1496136164,.4072164,.0034263187074604
1496144179,.23299442,.1007359237492076
1496152351,-.57179439,.0599945613895358
1496156564,-.045203201,.0494550466278289
1496159815,.5287953,.08996059687653
1496197450,-.09719225,-.0489683538860983
1496209455,1.5485843,.0429229734603251
1496214903,.47239369,.0555807006258684
1496224652,-.30180556,.0290975016237341
1496245010,-.17692946,-.0076152633647977
1496272699,.27200204,.0334392072912061
1496285762,-.032749422,-.0507575975461754
1496299374,.22909692,.033623328961134
1496300012,.41768178,.0219144965286412
1496319782,.81607467,.0114735610676231
1496327111,.65748662,-.0165703582251393
1496348863,-2.6498647,.0287640323517874
1496350215,.23679899,.0274953664070833
1496360536,1.1458951,.0412831877631676
1496367322,.11251162,-.0158288937837292
1496369259,.14231604,.0034992325920138
1496369259,-.19978255,.0034992325920138
1496370623,.23340082,-.0139325672574986
1496401322,.45313999,.0212753698204001
1496414970,.20486151,.0291445497189588
1496451535,-.38790458,-.0105526686452698
1496453571,.25280181,.059957865807674
1496480775,.73570478,.1039954588946174
1496498455,-.58245665,-.0405102834915821
1496510100,.016029807,-.0026531511087943
1496537324,.243295,.0487713071569334
1496558975,.54788816,-.0288388714236344
1496558975,.28371277,-.0288388714236344
1496575979,.45383835,.0123974317190636
1496591782,.34723467,.0017121948177159
1496602499,-.090694763,.0395755467785226
1496654867,.41766036,-.0027743593913047
1496654871,.41766036,-.0027743593913047
1496663023,-.39540231,.0502458643726674
1496665735,-.095341586,.0689463538197549
1496680138,.60295939,.0001261423987218
1496690215,.59513569,-.01561856815634
1496705855,.14305651,-.0325644149956365
1496720964,.29638043,.0528832661171967
1496773859,.77672011,.0495952351205023
1496843372,1.3774136,.0484045787973208
1496843372,1.2881773,.0484045787973208
1496876547,.18161812,.0704411539340051
1496890970,.21762799,-.0164300828858562
1496890980,.074506752,-.0381453290879665
1496905771,.41109189,-.0188980845836379
1496915979,1.0408627,.0856553263502177
1496916655,-.048453987,-.1133636111324481
1496924964,.49323025,.0826240381635134
1496965615,.10737007,-.0526006465558247
1497047330,-.022921739,-.0165457875042949
1497047899,.89272702,.0746522689068121
1497060147,-.35121906,.0039387527786286
1497115326,.55670345,.1655425589469574
1497122132,.44709593,-.0783484263104059
1497149462,-2.2070665,.017569914435181
1497184583,-.24404757,.0415146966053858
1497217366,1.0720829,.0008886494562957
1497224136,-.15668389,-.331478218982994
1497258162,.060749795,-.0114062926225006
1497326206,-.13221246,.0445045019509569
1497330779,-.36372474,.0220471813012381
1497333018,-.74346024,.0166086760264706
1497360182,-.13156195,.0121902986260722
1497360182,.034405138,.0121902986260722
1497387336,.24409197,.0073853342068528
1497448606,-.078296065,-.0215869833095603
1497530132,-.61279792,-.003694458385867
1497572851,-.10330417,.0266645527155054
1497611724,-.54497719,-.3030115549087024
1497618620,-.21567366,.0252506707234313
1497702063,-.71107841,-.0167090003635296
1497808932,.16936521,.0014251798762781
1497815740,-.1802754,.0044233633799483
1497870166,-.32171446,-.0161377958724757
1497938126,1.1727835,.040291339066431
1497959210,.30688679,.0536903989579644
1498026522,-.044350266,-.0276281021998504
1498033402,.19682276,-.0060062931699214
1498210124,-.21375418,.0186314605450301
1498210695,.33065537,-.0389867474337975
1498291722,.74353749,.0316563857828918
1498420966,-.27842328,-.0287089271967279
1498454978,-.36521155,.0273421200728099
1498482124,-.65589166,-.0720737484537283
1498516132,.79754311,.0230875188421
1498556940,.91252571,-.015505042486507
1498572487,1.4238796,-.0698163295280162
1498584180,-.0110384,.1268755452745112
1498611374,.63122982,-.0091126561985829
1498618128,.58728111,-.0132815450451213
1498720027,-1.339635,-.043301403619167
1498728199,-.56191927,.0106783273612965
1498828972,-.24641924,-.0044914877625101
1498883362,1.782462,-.028263686474741
1498896942,-.58129537,-.0117738175069688
1498924170,-.14988101,-.0150115831370942
1498971806,.057755079,-.0201765206512023
1499121416,.11760072,.0347177766695186
1499141770,-.30576259,-.0102480996727419
1499141782,-.47387227,.0002539026411921
1499291402,-.24491693,-.058105982429345
1499393342,.084399112,.0016241436078879
1499393414,-.46877965,.0058119034884316
1499502810,.45202518,-.0430162953561017
1499563366,.021438032,-.0333389414126728
1499590522,.13945836,-.0134209879774777
1499597370,.96720761,-.0284511922499725
1499631374,-.25604194,-.0050623702593749
1499706168,-.023743622,-.0225139723876985
1499740166,.27842468,-.0080139087078364
1499774124,-.67319304,-.0765175226004328
1499801408,-.29244077,-.0606970936654813
1499889762,.30427238,.0295592777464582
1499964620,-1.2880194,-.044905233378141
1500039376,.56822407,.0423649222748512
1500053100,.037028309,.0020363831042894
1500060402,-.089773558,-.0473962394273867
1500086962,.35601479,-.0014528791000686
1500223604,.030020023,.0282869752871469
1500229742,.068901561,-.0016664146977328
1500230404,.16082616,-.0035576446708514
1500250172,-.55089217,.0300860048982771
1500270578,-6.5075083,-.0225844048082791
1500331726,.91332501,-.0084245704844677
1500331764,-.26188484,-.0373511297689704
1500379372,.68583059,.0292261880364446
1500379372,.30487058,.0292261880364446
1500454130,.76834345,-.002364076942281
1500454166,.14739633,-.030134007998237
1500460968,.23946692,-.0009755589403154
1500467688,.19894078,-.0902465317134262
1500535818,-.53870261,.0751722902181938
1500583406,.58124638,-.0047668144186295
1500664968,.4798179,.0500102941841435
1500814526,.57813293,.0298950019440326
1500821450,.014322023,.0049889741945946
1500923418,-.36133209,.0047098269829332
1500930298,.27297077,.0257839326718478
1500950660,.3415747,-.0436608350840754
1500984524,.1196151,.0290526384885661
1500984564,.009143102,.0236231467293065
1501025408,.58779311,.0042999589089446
1501079730,.84922385,.0468585280734022
1501093322,.84956819,.1127090729013751
1501093376,-.31723496,.0054180122189963
1501100254,.04437029,-.0042859055786583
1501154522,.59426022,.0714287416311157
1501202174,-.40757641,-.001956609692426
1501256574,-.11197101,-.0283906597916076
1501270132,.52591079,-.0431734260375035
1501270178,1.2117023,.0268888651420659
1501392572,-.58814812,.0622893089173756
1501392572,-.65820605,.0622893089173756
1501467362,.84778881,.0044077259788445
1501691810,.095474832,-.0195873696151782
1501691810,.071329333,-.0195873696151782
1501705322,-.20511448,.1094803390939804
1501739414,1.5099781,.0681960030435575
1501746254,-.36074138,.0058382421970608
1501766566,-.22257742,.2170624010534433
1501773330,-.20886731,.0358908774023015
1501902614,-.27020559,-.037364373912829
1501916100,-.28533751,-.0242317022017202
1501956962,.019492665,-.0073880773729613
1501963770,.66592306,-.0437326145969321
1501984216,-.36850727,.0040622620732077
1501984216,-.86022729,.0040622620732077
1502011402,-.063138701,.0077198453299638
1502099732,.32113543,-.0482520561763684
1502133808,-.22464801,-.0431693304687555
1502385404,.045141906,-.0367010818092061
1502405812,-.51145703,.0505110302827332
1502473730,.45212844,-.0067091805388896
1502541766,-.83792597,-.0745791974044157
1502562202,.22467631,-.0119011616243102
1502684564,-.033229623,.009749725889929
1502732122,.42595786,.0008164334619411
1502732334,-.6232636,.0311641964583411
1502752532,.5337795,-.1469265716557764
1502942922,.1248695,-.0120920717890711
1503133412,-.352678,-.0691881543289738
1503174288,.6055544,.004182088987937
1503187808,.68447632,.0019613555399003
1503187808,.52268112,.0019613555399003
1503235322,-.16830979,.1745527958488533
1503269366,.43814829,.0122070494755639
1503269366,.19883907,.0122070494755639
1503289764,.61536628,.0522948221648106
1503303524,-1.2813345,.0295507900942783
1503310244,-.42305306,-.0293505122472451
1503391764,-.63756102,.0525717691192269
1503398574,-.10790857,-.013250850680028
1503459854,-.3681961,.0149209989619862
1503507362,.13927513,-.0325545991979274
1503568692,-.2155008,-.0157618863342863
1503623042,-.36494043,.0105332534978142
1503765772,.094467282,.0323577903639426
1503806854,.021877315,.0924659985772905
1503970082,1.451473,.1209018877053989
1503970122,1.451473,.1209018877053989
1503970162,1.451473,.0467995097892453
1503970202,1.451473,-.0624156423655927
1504071886,-.13118398,.0102073184793401
1504099006,-.26964989,-.0417085751406487
1504105812,-.25060698,.0195935147465761
1504173764,.26451832,-.0278492484745919
1504201052,.75562239,.0272376107646089
1504255404,.11259243,-.0185713799199107
1504439132,.15908413,.1132425099534874
1504479764,-.093657501,.0156602584774595
1504547812,.018335933,-.0563173551115672
1510606690,-.83193254,-.0615760180958494
1513204170,-.20142977,-.0301704501626141
1513367370,.015708713,.0078650290047999
1513510250,-.20485733,-.0009880127502733
1514088210,-1.2460082,-.0153880871691782
1564011579,-2.7318885,-.0370103406045302
1564014295,.22375686,.0475701968708994
1564027364,.29854628,-.0253306940774545
1564041503,.29753456,.0254312285928827
1564061368,.31496498,.0434172275900579
1564069379,-.06551417,-.0298310833256452
1564133975,.17105737,-.0522048191817137
1564156682,-.35239449,-.0052922045971817
1564163895,.017711051,-.015864949832974
1564211495,-.025946377,-.0691409987160771
1564231895,-.1246696,.1498580667686666
1564231895,-.28644994,.1498580667686666
1564289695,.33520815,.0453554367962472
1564312938,.5098452,.0238710585808363
1564340172,-.22216341,.0058830995052498
1564461063,-.52977794,-.1114387440845009
1564492335,.60752618,.0149602346546652
1564550928,.41471982,.0069463634929208
1564551495,.026589086,.0225969233591417
1564564570,.2577796,-.0281104453260195
1564595015,-.62391645,.0116912405626997
1564605223,-1.155111,.011268069992393
1564612172,.13829903,.0255648437006765
1564621543,-.21787395,.0716347235822669
1564621551,-.19037595,.041101490526825
1564625623,-.10011555,.0081077922990225
1564646164,-1.5441403,-.04955420209514
1564692935,-.51194811,-.0288103345307804
1564693722,.12055338,-.014325494624562
1564720928,.7766729,.0627062537982007
1564774539,.73705244,.029842908135558
1564775362,.1038399,-.0092620482133763
1564787467,.63147616,-.0431644334820617
1564787467,.70002341,-.0431644334820617
1564824855,.96500462,.0549869029645255
1564871783,.11112238,-.0220398285050641
1564897734,.22424613,.0261496586771618
1564925010,.37284064,-.0027828574294194
1564937735,.9369002,.0594967103967677
1564992970,.42448062,.0013279003202803
1565012535,-.042390965,-.0108093736258231
1565026968,.14435379,-.0291205034135596
1565027499,-.011853278,.008501140382938
1565033724,-.1834624,.0068421094830792
1565071695,.58865714,.125725308163461
1565081408,-.12308799,-.0595421537107563
1565102295,.74120182,.0401680832217343
1565122164,.020737579,-.0742189868568595
1565127455,.062834881,-.0156816692319562
1565141059,.70612544,.0232923978891498
1565162964,.24300209,-.0019909617804801
1565168267,.69465369,.0271400642287511
1565217378,.58522475,.0010322214622932
1565219263,.034442913,.0263939311003799
1565245103,-.24961539,-.0190484261363034
1565251368,.01525686,-.0576052066017898
1565302219,.74409807,.1058402088365465
1565353326,-.48919058,-.1121468207497422
1565353368,.067121014,-.0842557069317469
1565407734,.75070542,.1509552072898562
1565550606,.24369505,.0439286252177337
1565565542,-.29289293,.0120125276169131
1565584532,-.58323127,-.0393219074910314
1565660004,-.43738875,-.0321743773449853
1565713818,.66085726,.0024372637548188
1565761378,.023869809,.0026403290796587
1565829458,.65857023,-.0053802938097476
1565958526,.17901911,.0071494351650745
1565996635,-.15752822,.1007603211105121
1566066539,.62448341,.0542601323910346
1566108174,-.38437554,.0352354749982029
1566114976,-.12970677,.0589961196144731
1566135334,.58854592,-.0106961692294159
1566142124,.40786073,.0321322653653927
1566244126,-.33089429,-.0260875047386679
1566332646,-.40850779,-.1102421661242394
1566346216,-.48448166,.0129955571689302
1566359770,-.14479613,-.0144883665154628
1566366572,.16963691,.0121444885672127
1566414126,-.2709834,.007885409038957
1566427806,-.13710345,-.1227591130017395
1566434415,.43893835,-.080893181851588
1566441334,.55231071,.0176016262435756
1566454974,.19477844,.0282393494895534
1566468570,-.21964106,.0259740282060375
1566584206,-.16022097,-.0599489852863633
1566591050,-.042523686,.0254115252017432
1566679330,.49710006,.0498706781463711
1566679370,.49710006,.0498706781463711
1566699804,-.25051838,-.0262401756032739
1566706654,-.35510725,-.1511879587734513
1566733778,.87720978,.0360711655880014
1566754138,.92412525,.0856786309034341
1566761608,.2240945,.0159103964066077
1566835768,.91046637,-.0624429864732933
1566849368,-.836725,.0037410168565678
1566856084,.2212273,.0193043660711299
1566856170,-.073767632,.0065579025880294
1566918004,.11696778,-.0309816915218223
1566924124,.43550065,.0217039300105684
1567005804,.20407885,-.0627341014221057
1567060142,.96830863,-.0331082193143596
1567073776,-.15444273,-.1118378707811867
1567141734,-.50191361,-.0483206649594227
1567202928,-.17321153,.0092501964608161
1567270976,.79987907,-.0337943232283292
1567291380,.58423764,.014058776466173
1567345762,.41175541,-.1227618949234435
1567393418,.154148,.0035575418565492
1567400176,.37771094,.0844530132429675
1567447768,.41207087,.0781812315121364
1567699334,.61506134,.0122345109269585
1567699368,.24764153,.0730159190380646
1567719810,-.10704381,.0504343773228947
1567780930,.4783608,-.4115167051755588
1567910170,1.158987,-.0160960423459846
1567950974,.55667382,.012347953284273
1568032574,.50404,.0236866404088674
1568080124,.70259708,.0783359726492925
1568290930,.88148457,.0012047314841699
1568318140,-.23096332,.0480756407628429
1568331888,.036236025,-.0149722137242394
1568365778,-1.4818521,-.0202454899265811
1568372564,.82961172,.075573248669856
1568379330,.93310905,.0141288227033507
1568386124,.2153483,.0952019764610095
1568420182,.51935285,.0445409161778145
1568427002,-.13866989,-.0673605681619626
1568726168,-.14378653,.0657744838477435
1568746698,.96390885,-.0100340515398017
1568746698,1.2424942,-.0100340515398017
1568766964,.17240806,.0432132178595749
1568773852,-.36042756,.0347496610649787
1568780568,.37089792,.0074253059860963
1568807810,-.10036243,.0641768330513778
1568821418,-.16319863,-.0093274630853619
1568821418,-.60526007,-.0093274630853619
1568828140,-.52459377,.0000626520590984
1568862126,.34324428,.0502206844633101
1568868964,2.1051729,-.0145817154904576
1568868966,.96856892,.0587478806544609
1568998124,1.1075974,.0431913083809454
1569018522,.63222289,.0650299420642654
1569093342,.47449315,.0132578842987371
1569154526,.029644234,.0863892721996453
1569181722,.58179957,-.0302893950802542
1569195382,.64840657,.0066293811308575
1569283766,.29450086,-.0268115519278847
1569344924,-.033337485,.056996197703502
1569392562,.51942927,.0515241409053795
1569480940,.089851782,.0012918337393002
1569494566,.458078,.1113904449424696
1569515010,.10283942,-.0113323067733225
1569515098,-.16487481,-.0087837826439626
1569521698,-.92061013,.0391545874670871
1569576804,.40907958,.017122217831019
1569644162,.38337415,.0215097729244047
1569644260,-.75228488,-.0047831894765738
1569725722,-.53131229,.0216680959455174
1569787602,.34621328,-.0353652527877219
1569807340,.8076055,.0215930803693051
1569821090,.3606717,.0062671438483719
1569834538,-.13090523,.0012921190402012
1569842002,-.19552888,.0218436470944841
1569868574,.31604707,-.0606893956645001
1569936536,-.11422125,.1858206867462753
1569950246,.064890251,.0059475347402806
1569991008,-2.268388,.0148685537197015
1570004566,.38086894,.068715986831447
1570011338,.71035612,-.0031008105096329
1570059004,.5678972,.009752986390731
1570099738,.94931471,.0077003651256905
1570160924,.092052154,.0132205116471079
1570283372,-.16046765,-.0207961367509971
1570371854,.0096494388,-.0326368841934683
1570392162,1.8633325,.0080623407210143
1570453362,.34044617,.0629525473470659
1570453402,.3842642,.0605468490877078
1570460216,-.0019025671,.0500553091515281
1570494204,.13191602,-.0562531610610095
1570501012,-.325822,-.0369022883598364
1570589448,.64457768,-.0218967984844293
1570725406,-.1214723,.0305911347070652
1570820574,-.47730538,.0015379444936694
1570943128,-.86884969,-.0165797161056557
1570970202,-.019517833,-.089532329211916
1570997332,.13044533,-.1570271842967418
1571010964,.23352945,-.0663575461111321
1571167372,-.59983069,-.0245765269321869
1571228532,.4093186,-.058120837610137
1571228532,.31978905,-.058120837610137
1571371368,-.27515903,-.0527179880467928
1571433334,.65111548,-.0029415723899319
1571473372,.41163433,.0196503708086044
1571486964,-.43793717,.0342298469970711
1571500562,-2.1082981,-.0523819261476502
1571514206,-.57910943,.0004233480731182
1571514206,-.56414312,.0004233480731182
1571555006,-.38516095,-.0308429389617796
1571555006,-.27282035,-.0308429389617796
1571609486,-1.6233938,-.0485603994407693
1571643444,-.1348096,.0978435076272433
1571643484,-.24528159,.0896277014533896
1571664484,.54282176,-.0015879200376602
1571786212,-.3179543,-.0713536003873708
1571786212,.021964511,-.0713536003873708
1571806532,.19714941,-.1176375174905754
1571813404,-.30880114,.0004087098547968
1571854122,.58187693,.0617837600307829
1571929212,-.69261128,.2098458357325486
1571942566,.33967113,.0417082587939594
1572099004,.13011862,-.035577699853418
1572180572,-.015079875,.0039807124936851
1572255364,.79677987,-.2571311862885553
1572411804,.076980472,-.0404001494899727
1575022930,.19248374,-.0045759868844676
1575437850,-.37475738,-.1423984611353541
1580136570,.35701734,.0265592579295368
1580551330,.47532317,.0198548504984069
1582632170,.35194376,.0386022492772708
1583210130,.15597627,-.0296315881779125
1584012570,.83144307,.0455726650723705
1632012251,-.015473617,.0002772518259643
1632013762,-.42954624,-.062684070335762
1632054526,-.36324251,.030818635496958
1632072779,-.054496009,.0200276992258705
1632074982,-.39345837,.0089716907030842
1632078895,-.28168425,-.0270029350717525
1632119695,.46089163,.0083954174145065
1632122610,.12942243,-.0264046320185772
1632127863,-.82331765,.0256632491204759
1632149611,-.22222668,.0043515583827591
1632160507,-.63972932,-.1768171440468737
1632169335,.5397495,.0663183462393976
1632224568,-.015958229,.0311568130570093
1632227139,-1.1344903,.0301811341304287
1632265340,.32760781,.0241218873358057
1632344107,.72015733,.0027695997532541
1632348855,.64033234,.0275970614952092
1632365855,.21599917,.0363376460063577
1632367340,.52286273,.0054953061980951
1632413459,.19236684,-.0686373226556542
1632442172,-1.1304942,-.0893590223740575
1632448964,-.10762015,-.0499619675423918
1632476164,.16938862,.0246520320008351
1632541979,.29970205,.006571662069698
1632564662,.91301036,.020613791773418
1632566455,.39321941,.0431971002052961
1632584970,.3821514,.0133071125988039
1632605328,-.22285713,-.0091410966680541
1632619018,-1.2096466,-.0219122471502907
1632622223,.15245484,-.0801400314284515
1632632618,.065350235,-.0818499387771326
1632660291,-.0371667,-.0037728647172002
1632707370,.2050426,.0639736829267558
1632714814,-.24847804,-.1654915791823815
1632796295,-.32492858,-.0211432579607746
1632823006,.08324115,.0181641548227608
1632836540,.48285761,.0054715478127018
1632843324,.82285309,.062289826223095
1632863700,.33283728,-.0172143949189745
1632897730,1.1340573,.0488904539689597
1632897774,.10947952,.0287834303813145
1632992964,.44893864,-.1213657091285559
1632999802,.91618687,.1047486438367175
1633006540,.43893015,.003837905877681
1633047336,.41199315,.0438000087107966
1633088098,.4225626,.0172826521491837
1633088695,.90992367,.163219180201934
1633106379,.55804628,.0882260546616612
1633131539,-.067953162,.0254850697289307
1633162962,.41903424,.0036235435868451
1633179135,-.41074055,-.0156326881887139
1633183406,.1659634,.0222828969767046
1633219935,.15227291,.0063957743987263
1633231122,-.21933678,-.0083627855426548
1633272979,-.006312056,.0697434428358802
1633482532,-.19288559,.0402567503077077
1633625382,.277915,.0047531669272879
1633673020,.0092560388,-.0378922461352462
1633679722,.60358548,.0329438531699065
1633679734,.12964027,.0344818386482137
1633700166,.56411844,.0390007072325048
1633770751,.1668714,.0074729695611857
1633781778,.2235821,-.0200751444566549
1633795338,.29755887,-.0264282480526304
1633829452,-.0050695976,-.0529436295798897
1633870180,-.28490898,.0330793618753052
1633904172,.44766772,.0139422616285542
1633965340,.4752579,.0223185171487997
1633965378,.49384367,.0430950417760278
1634026536,.74543476,.0330201502499911
1634081004,.20023252,.0643184909945183
1634101444,-.161916,-.0614091881759639
1634101484,-.161916,-.0614091881759639
1634121732,.30597368,-.0094221218429169
1634148928,.042342816,.0190078028268691
1634203406,-.29654804,-.0369351340802766
1634250819,.19653964,.0255304309503524
1634250934,.46668327,.0497724473269443
1634366532,.5605045,.173132781340793
1634373334,1.1608056,-.0519754252873766
1634386938,.48630571,.0117410881206703
1634453455,.65558988,.0512618894458833
1634455094,.21903014,-.0105079468527534
1634495806,.24339598,.0149209829489857
1634529726,-.31478557,-.0311150286563041
1634556932,.0208026,.0362573174495465
1634577452,.24387984,-.0210235414221086
1634591042,-.41502753,-.0107625528152487
1634747284,-1.0295336,-.0045811782636276
1634754122,.12218588,.0011765917831222
1634978564,.40855682,-.0788276441960463
1635012562,.40453279,-.0234134251212007
1635073804,.55867046,-.0219058394665761
1635162206,.23602501,-.0251237735385294
1635168934,.6391772,-.0059828126306901
1635250562,-.25958622,-.06651863069145
1635318528,.25094944,.0548294981936648
1635372970,.93684381,.0409479934751754
1635407604,-.025046876,-.0053555067516708
1635468302,.070753321,.0300195581051512
1635556662,-.16227648,.0137481095713306
1635617696,.29662359,.0219515142916694
1635651768,-.0098346611,-.0134272513775277
1635651768,.24616201,-.0134272513775277
1635679020,-.1729209,.0075653340329053
1635712926,.90566033,.0660079967633232
1635842256,.070075803,.0398154620906197
1635930496,1.025411,-.0051073660682437
1636033206,.50089693,.003138869929013
1636046130,-.13867474,-.0548771937740343
1636059724,.26647806,.0026906617438478
1636093776,.15778789,.0203767036234068
1636120928,-.46995866,.0031478789416091
1636154968,.34608647,.0601417361699393
1636188966,.38088912,.0309529842184357
1636236564,-.43313047,-.0112248243319782
1636372572,.16715188,.075387231397748
1636386122,.76787531,.0456739287840715
1636392938,-.14272615,.0828363043399087
1636406536,-.2435682,.0076338151595722
1636474602,-.4871524,.0301849417867084
1636474612,-.037003387,.0341775906185845
1636488134,-.5144608,-.0139971243868964
1636488162,.16845942,.0703853927047954
1636569764,.61192119,.0669006037116441
1636720048,-.022919996,-.0134970685002241
1636841804,.026544547,.052631669149171
1636862102,-.90268821,.009559207113089
1636896128,-.32402155,-.0528609674586221
1636896218,-1.6230526,-.0933820018215057
1636909846,-.22982651,.012091201880869
1636943732,-.38544834,-.0503976453307738
1637018606,.1350356,-.0097130063720336
1637141696,-.47289661,-.0520270375485758
1637147728,-.0018806249,-.0500898366310699
1637188570,-.3809275,-.0324410589108987
1637242938,.1292361,.0508051200217544
1637283764,.49737293,.0828080248473333
1637283854,-.061608326,.0021648479140385
1637331326,.67599362,.0834567536707597
1637351930,-.73795211,.0070241375977954
1637358612,.033962406,.0008331532100942
1637474210,.22693646,-.0143972646303161
1637480964,.67618442,.1741796379376238
1637596528,.40978056,.044413272292536
1637637370,.46607828,.0228171449487894
1637637404,.25112617,-.0225216610801882
1637780854,-.13689771,-.0283843636351046
1637780854,.16856258,-.0283843636351046
1637800692,-.13596149,.0194265477142035
1637895890,.3882874,.0040938263638165
1637950250,-.14017525,-.0238643067930359
1638031762,.020886257,.0034688456201969
1638086252,-.031328984,-.0188359496423213
1638093008,-.49744633,-.0377427916648933
1638099764,-.046332527,.0256052030891157
1638324134,-.0048543224,-.2426251070590144
1638399564,-.32406318,-.0678243813296915
1638439892,-.36960053,.010841345158318
1638460246,-.1330613,-.019866584663498
1638467086,1.1022042,-.0536286687036752
1638535014,-.34514377,-.0023146384876899
1638596082,-1.2890476,-.0253820912362526
1638623408,-.2555843,.1093062815481537
1638691362,.06744203,.0523191072329806
1638800212,-.087884925,.0104501453204966
1638976926,-.23362543,.2777045069597989
1639201366,.31800789,.0696393504780137
1639412206,-.25405261,-.0886634722284976
1639446174,.53553712,.0129738556306426
1643580570,2.6243503,-.0475498566912341
1650502930,-.4283962,.0523013323964838
1651522890,-.82784438,-.0252884262336486
1651740570,.89415121,-.0155023544092751
